,make,address,all,3d,our,over,remove,internet,order,mail,receive,will,people,report,addresses,free,business,email,you,credit,your,font,000,money,hp,hpl,george,650,lab,labs,telnet,857,data,415,85,technology,1999,parts,pm,direct,cs,meeting,original,project,re,edu,table,conference,;,(,[,!,$,#,Y,Y_star_1,Y_star_0,y_hat_1
0,0,7,7,0,4,0,0,0,0,0,0,7,0,0,0,4,0,13,20,0,10,0,0,0,0,0,0,0,0,0,0,0,0,0,0,0,0,0,0,0,0,0,0,0,0,0,0,0,0,0,0,8,0,0,1,-75.4293342745933,-128.48079249297427,True
1,0,0,0,0,0,0,10,0,0,20,10,0,0,0,0,0,0,10,39,0,10,0,0,0,0,0,0,0,0,0,0,0,0,0,0,0,0,0,0,10,0,0,0,0,0,0,0,0,0,0,0,5,0,0,1,-140.5641298857838,-239.4864300951607,True
2,0,0,0,0,0,0,0,0,0,0,0,0,0,0,0,0,0,0,0,0,0,0,0,0,0,0,0,0,0,0,0,0,0,0,0,0,0,0,0,0,0,0,0,0,0,0,0,0,0,8,0,8,0,0,1,-116.15669104839766,-113.58876202194372,False
3,12,0,0,0,0,0,0,0,0,0,0,12,0,0,0,0,12,0,36,0,0,0,0,0,0,0,0,0,0,0,0,0,0,0,0,0,0,0,0,0,0,0,0,0,12,0,0,0,0,0,0,9,0,0,1,-127.7572847396425,-164.94667400572547,True
4,3,0,0,0,7,10,0,25,0,0,0,3,16,0,0,0,0,3,28,0,7,0,3,7,0,0,0,0,0,0,0,0,0,0,0,0,3,0,0,0,0,0,0,0,0,0,0,0,0,1,0,3,3,0,1,-145.0673941464156,-272.539579659674,True
5,0,20,0,0,20,0,0,0,0,0,0,20,0,0,0,0,0,0,20,0,39,0,0,0,0,0,0,0,0,0,0,0,0,0,0,0,0,0,0,0,0,0,0,0,0,0,0,0,0,0,0,0,0,0,1,-141.136335891552,-200.20599367265802,True
6,0,6,0,0,0,0,6,0,0,6,0,6,0,0,0,0,0,12,18,0,0,0,0,0,0,0,0,0,0,0,0,0,0,0,0,0,0,0,0,0,0,0,0,0,0,0,0,0,0,3,0,0,0,0,1,-95.86310884976443,-130.31701963106278,True
7,0,0,0,0,13,0,26,13,13,13,13,13,0,0,0,0,51,0,26,13,38,0,0,0,0,0,0,0,0,0,0,0,0,0,0,0,0,0,0,0,0,0,0,0,0,0,0,0,0,0,0,6,0,0,1,-285.09057474661523,-636.0567862668106,True
8,0,0,0,0,0,0,0,0,0,0,0,0,0,0,0,0,0,0,56,0,12,0,0,0,0,0,0,0,0,0,0,0,0,0,0,0,0,0,0,0,0,0,0,0,0,0,0,0,0,0,0,15,0,0,1,-98.96188627483083,-154.56599166079383,True
9,0,6,12,0,23,0,12,0,0,0,0,6,6,0,0,6,28,0,40,0,17,0,0,0,0,0,0,0,0,0,0,0,0,0,0,0,0,0,0,0,0,0,0,0,0,0,0,0,0,3,0,11,4,0,1,-144.30725684269382,-331.9189153920155,True
10,0,0,0,0,43,0,7,0,0,0,0,0,0,0,0,29,0,0,50,0,15,0,0,0,0,0,0,0,0,0,0,0,0,0,0,0,0,0,0,0,0,0,0,0,0,0,0,0,0,0,0,4,0,0,1,-160.0947882299854,-321.4826170182231,True
11,0,0,0,0,0,0,25,0,0,0,0,0,0,0,0,25,0,0,0,0,0,0,0,0,0,0,0,0,0,0,0,0,0,0,0,0,0,0,0,0,0,0,0,0,0,0,0,0,0,0,0,20,0,0,1,-167.50454988312455,-312.9131115316137,True
12,1,3,4,0,1,1,0,1,1,0,0,3,2,0,1,0,0,5,16,3,8,0,2,2,1,1,0,0,0,0,0,0,0,0,0,0,0,0,0,0,0,0,0,1,1,0,0,0,0,1,0,1,2,0,1,-70.84840801653375,-110.72944687846967,True
13,0,0,4,0,8,0,4,0,0,12,0,0,0,0,0,4,8,0,31,0,16,0,4,0,0,0,0,0,0,0,0,0,0,0,0,0,0,0,0,0,0,0,0,0,12,0,0,0,0,3,0,6,2,0,1,-88.57793733693298,-179.66043771356897,True
14,10,0,4,0,7,7,0,0,0,0,0,4,7,0,0,7,7,0,24,0,4,0,17,4,0,0,0,0,0,0,0,0,0,0,0,0,0,0,0,0,0,0,0,0,0,0,0,0,0,1,0,2,6,0,1,-107.75408098049341,-255.66157448493266,True
15,4,0,4,0,0,4,0,0,0,0,0,4,8,0,0,0,12,8,32,0,12,0,0,16,0,0,0,0,0,0,0,0,0,0,0,0,0,0,0,0,0,0,0,0,0,0,0,0,0,0,0,3,0,0,1,-105.89889762522085,-217.1650843343898,True
16,0,0,0,0,5,0,0,0,0,7,0,0,0,0,0,5,0,3,3,0,5,68,0,0,3,3,0,0,0,0,0,0,0,0,0,0,0,0,0,0,0,0,0,0,0,0,0,0,0,0,1,2,2,2,1,-266.83651393443336,-377.31565884412936,True
17,6,0,24,0,3,0,3,0,6,0,3,0,0,0,0,8,0,0,14,0,11,0,0,6,0,0,0,0,0,0,0,0,3,0,0,3,3,0,6,0,0,0,0,0,0,0,0,0,0,7,0,4,0,0,1,-140.54107039307303,-200.85209658449912,True
18,4,3,3,0,1,5,1,3,1,15,4,6,10,0,2,1,0,0,31,0,8,2,4,4,0,0,0,0,0,0,0,0,0,0,0,0,0,0,0,0,0,0,0,0,2,0,0,0,0,1,0,3,3,2,1,-89.44561548446707,-197.1975478753841,True
19,0,12,6,0,6,6,12,12,0,0,6,23,0,0,0,23,0,12,23,0,29,0,6,0,0,0,0,0,0,0,0,0,0,0,0,0,0,0,0,0,0,0,0,0,0,0,0,0,0,0,0,0,0,0,1,-148.41602732019047,-346.85361576593243,True
20,0,6,6,0,22,0,11,0,0,0,0,6,6,0,0,6,33,0,39,0,17,0,0,0,0,0,0,0,0,0,0,0,0,0,0,0,0,0,0,0,0,0,0,0,0,0,0,0,0,3,0,11,4,0,1,-148.00307526149746,-334.905359879331,True
21,4,5,3,0,1,5,1,3,1,17,4,6,10,0,2,1,0,0,30,0,10,0,4,4,0,0,0,0,0,0,0,0,0,0,0,0,0,0,0,0,0,0,0,0,2,0,0,0,0,1,0,3,3,1,1,-93.46430101299931,-199.37693334992724,True
22,5,0,5,0,0,0,0,5,0,0,0,14,0,0,24,0,5,5,28,0,24,0,14,0,0,0,0,0,0,0,0,0,0,0,0,0,0,0,0,5,0,0,0,0,0,0,0,0,0,5,0,1,9,0,1,-161.30545880517906,-348.037552949988,True
23,0,0,2,0,4,0,2,0,5,0,2,0,0,0,0,5,0,15,7,0,0,0,0,0,4,0,0,0,0,0,0,0,0,0,0,0,0,0,0,0,0,0,0,0,0,0,0,0,0,1,0,9,8,1,1,-111.1852686229335,-170.78640882822663,True
24,0,0,0,0,0,0,0,0,0,0,0,0,0,0,0,11,0,0,0,0,21,0,0,0,0,0,0,0,0,0,0,0,0,0,0,0,0,0,0,0,0,0,0,11,0,0,0,0,0,0,0,19,0,0,1,-154.74132933692175,-182.26167766276572,True
25,0,0,0,0,0,0,0,0,0,0,0,0,0,0,0,0,0,0,4,0,4,0,0,0,36,4,0,0,0,4,0,0,0,0,0,0,0,0,0,0,0,0,0,4,4,0,0,0,0,0,0,0,0,0,1,-296.66089186855464,-103.36733849598924,False
26,0,0,4,0,10,10,4,4,0,0,0,4,4,0,0,4,4,0,20,0,33,0,0,4,0,0,0,0,0,0,0,0,0,0,0,0,0,0,0,0,0,0,0,0,4,0,0,0,0,2,0,0,2,1,1,-86.1348757657376,-198.51331120559482,True
27,2,2,3,0,0,0,0,0,12,3,2,6,0,0,0,2,0,2,24,2,9,0,0,5,0,0,0,0,0,0,0,0,0,0,0,0,0,3,0,0,0,0,0,0,0,0,0,0,0,3,0,3,2,2,1,-86.8548918067917,-157.38412507301734,True
28,0,17,0,0,0,0,33,0,0,0,0,0,0,0,0,17,17,0,0,0,17,0,0,0,0,0,0,0,0,0,0,0,0,0,0,0,17,0,0,0,0,0,0,0,0,0,0,0,0,4,0,6,2,2,1,-239.02400310692667,-397.53641676708605,True
29,0,0,0,0,0,0,54,0,0,0,0,0,0,0,0,54,0,9,18,0,9,0,0,0,0,0,0,0,0,0,0,0,0,0,0,0,0,0,0,0,0,0,0,0,0,0,0,0,0,0,0,9,3,0,1,-260.3751426676959,-575.2759096017577,True
30,4,0,4,0,4,7,4,15,0,0,4,11,0,0,0,7,11,0,53,29,29,0,0,0,0,0,0,0,0,0,0,0,0,0,0,0,0,0,0,0,0,0,0,0,4,0,0,0,0,0,0,5,0,0,1,-164.16401563396752,-405.8416877826423,True
31,0,0,9,0,5,0,0,0,0,0,0,0,0,0,0,5,0,0,22,0,13,0,0,0,0,0,0,0,0,0,0,0,0,0,0,0,0,0,0,0,0,0,0,0,5,0,0,0,0,2,0,12,0,0,1,-74.12827783958072,-121.89725321346823,True
32,0,0,4,0,7,7,4,4,0,0,0,4,4,0,0,4,4,0,23,0,33,0,0,4,0,0,0,0,0,0,0,0,0,0,0,0,0,0,0,0,0,0,0,0,4,0,0,0,0,2,0,0,2,0,1,-79.73049425565937,-185.49624544814804,True
33,0,0,16,0,0,0,0,0,0,0,16,0,0,0,0,0,0,0,31,0,0,0,0,0,0,0,0,0,0,0,0,0,0,0,0,0,0,0,0,0,0,0,0,0,16,0,0,0,0,0,0,15,0,0,1,-153.41519878673762,-201.06279363568547,True
34,0,0,4,0,7,7,4,4,0,0,0,4,4,0,0,4,4,0,23,0,33,0,0,4,0,0,0,0,0,0,0,0,0,0,0,0,0,0,0,0,0,0,0,0,4,0,0,0,0,2,0,0,2,0,1,-79.73049425565937,-185.49624544814804,True
35,0,0,8,0,4,0,0,0,0,0,0,8,0,0,0,4,8,0,11,0,15,4,4,0,0,0,0,0,0,0,0,0,0,0,0,0,0,0,0,4,0,0,0,0,0,0,0,0,0,0,0,7,2,0,1,-74.45300983052807,-149.40331284193195,True
36,0,0,0,0,0,0,0,0,0,0,0,0,0,0,0,0,0,0,0,0,0,0,0,0,0,0,0,0,0,0,0,0,0,0,0,0,0,0,0,0,0,0,0,0,0,0,0,0,0,0,0,50,0,0,1,-174.84076596917038,-234.83700922806798,True
37,0,1,1,0,1,0,0,1,0,4,0,1,0,0,0,1,1,4,1,2,2,0,0,0,1,0,0,0,0,0,0,0,0,0,0,0,0,0,0,0,0,0,0,0,0,0,0,0,0,1,0,2,1,1,1,-88.19699715759863,-102.17255214422273,True
38,6,0,4,0,15,0,0,0,3,14,8,26,6,0,0,6,3,0,45,0,18,0,8,10,0,0,0,0,0,0,0,0,0,0,0,0,0,0,0,0,0,0,0,0,2,0,0,0,0,1,0,2,3,0,1,-128.19092553960266,-294.92009869432155,True
39,0,0,5,0,5,5,5,0,0,10,0,0,0,0,0,0,10,0,34,0,10,0,0,0,0,0,0,0,0,0,0,0,0,0,0,0,0,0,0,0,0,0,0,0,0,0,0,0,0,2,0,2,0,0,1,-80.83246980573988,-158.01532100617572,True
40,0,0,0,0,10,0,10,0,0,0,10,0,0,0,0,0,0,0,29,0,29,0,0,0,0,0,0,0,0,0,0,0,0,0,0,0,0,0,0,0,0,0,0,0,0,0,0,0,0,2,0,7,0,0,1,-98.07517327448562,-204.9429028974674,True
41,1,1,8,0,9,11,3,2,6,1,2,6,2,0,23,3,1,10,17,2,5,0,9,1,0,0,0,0,0,0,0,0,0,0,0,0,0,0,0,1,0,0,2,1,1,1,0,0,0,1,0,4,2,1,1,-139.55905628303992,-316.0218698758701,True
42,0,0,0,0,0,7,0,14,7,7,0,0,0,0,0,7,28,7,14,35,14,0,0,0,0,0,0,0,0,0,0,0,0,0,0,0,0,0,0,7,0,0,0,0,0,0,0,0,0,0,0,12,6,0,1,-219.06099286469,-484.7787292231189,True
43,0,0,8,0,8,0,5,5,0,11,0,3,16,0,8,0,0,16,21,0,16,0,8,0,0,0,0,0,0,0,0,0,0,0,0,0,0,0,0,5,0,0,0,0,0,0,0,0,0,1,0,5,5,0,1,-128.72594751927832,-288.91846588817765,True
44,0,0,0,0,0,0,0,11,0,0,0,0,0,0,0,0,0,0,0,0,0,0,11,0,0,0,0,0,0,0,0,0,0,0,0,0,0,0,0,0,0,0,0,0,11,0,0,0,0,2,0,2,4,0,1,-138.0634921533254,-181.42905910145151,True
45,4,4,4,0,0,0,4,0,4,4,4,4,0,0,0,10,0,0,4,0,26,0,0,4,0,0,0,0,0,0,0,0,0,0,0,4,0,0,19,0,0,0,0,0,0,0,0,0,0,8,0,9,1,1,1,-178.9819762308963,-225.5875587947715,True
46,0,0,0,0,0,0,10,0,0,10,0,10,0,0,0,0,0,0,31,0,0,15,0,0,0,0,0,0,0,0,0,0,0,0,0,0,0,0,0,0,0,0,0,0,0,0,0,0,0,0,0,2,0,0,1,-109.39335864101108,-182.01581836634256,True
47,0,0,0,0,0,0,0,0,0,0,0,0,0,0,0,0,0,0,44,0,0,0,0,0,0,0,0,0,0,0,0,0,0,0,0,0,0,0,0,0,0,0,0,0,0,0,0,0,0,0,0,59,0,0,1,-183.01489937874607,-281.2857401585004,True
48,0,0,5,0,9,7,2,0,2,7,5,13,2,0,0,7,0,0,29,31,13,0,0,2,0,0,0,0,0,0,0,0,0,0,0,0,0,0,0,0,0,0,0,0,0,0,0,0,1,1,0,9,1,0,1,-128.14106299784314,-324.77865989931666,True
49,0,0,0,0,11,21,11,0,0,0,0,0,0,0,0,0,0,0,32,0,11,0,21,0,0,0,0,0,0,0,0,0,0,0,0,0,0,0,0,0,0,0,0,0,0,0,0,0,0,0,0,2,2,0,1,-140.24623725717467,-312.70637998370654,True
50,0,0,0,0,0,0,0,0,0,0,0,0,0,0,0,0,0,0,0,0,0,0,0,0,0,0,0,0,0,0,0,0,0,0,0,0,0,0,0,0,0,0,0,0,0,0,0,0,0,0,0,0,0,0,1,-111.38834380103528,-99.24975212529341,False
51,4,3,6,0,2,2,2,2,0,4,1,10,5,1,1,0,0,5,38,0,17,0,5,6,1,1,0,0,0,0,0,0,0,0,0,0,0,0,0,0,0,0,1,0,0,0,0,0,0,2,0,6,5,1,1,-79.74007741909502,-191.51840537008832,True
52,0,0,0,0,0,13,0,7,0,0,0,0,0,0,0,0,0,0,39,0,7,0,0,0,0,0,0,0,0,0,0,0,0,0,0,0,0,0,0,0,0,0,0,0,0,0,0,0,0,0,0,12,2,0,1,-101.97624360407838,-171.89681842158694,True
53,0,0,2,0,4,2,0,0,0,0,0,0,0,0,0,0,7,4,25,2,7,45,7,0,0,0,0,0,0,0,0,0,0,0,0,0,0,0,0,0,0,0,0,0,2,0,0,0,0,0,0,4,3,5,1,-167.84262701782473,-320.6923249193919,True
54,0,6,3,0,0,0,6,0,0,6,3,6,3,0,0,15,3,0,20,0,12,0,0,0,0,0,0,0,0,0,0,0,0,0,0,0,0,0,0,0,0,0,0,0,3,0,0,0,0,2,0,2,0,2,1,-76.61058538447841,-157.2169035160055,True
55,0,0,4,0,4,0,4,0,0,0,0,0,4,0,0,0,0,0,21,0,4,0,0,0,0,0,0,0,0,0,0,0,0,0,0,0,0,0,0,0,0,0,0,0,4,0,0,0,0,0,0,2,0,0,1,-76.90815652644113,-103.04023682349154,True
56,0,0,5,0,15,0,0,0,5,0,0,0,0,2,0,7,4,0,9,0,5,0,0,0,0,0,0,0,0,0,0,0,0,0,0,2,0,0,0,0,0,0,0,0,2,0,0,0,0,2,0,7,0,0,1,-85.33445930919032,-136.02239369348314,True
57,0,0,0,0,0,0,0,0,0,0,0,0,0,0,0,0,0,0,26,64,0,13,0,0,0,0,0,0,0,0,0,0,0,0,0,0,0,0,0,0,0,0,0,0,0,0,0,0,0,0,0,7,0,5,1,-261.9571526282815,-497.7912391357364,True
58,2,2,2,0,6,3,3,2,11,3,0,10,3,0,2,0,0,0,39,2,28,0,2,6,0,0,0,0,0,0,0,0,0,0,0,0,0,0,0,2,0,0,0,0,0,0,0,0,0,1,0,14,2,0,1,-90.47492480480588,-235.9361838549095,True
59,0,6,0,0,0,0,11,0,0,6,6,6,0,0,0,22,0,6,33,0,11,0,0,0,0,0,0,0,0,0,0,0,0,0,0,0,0,0,0,0,0,0,0,0,6,0,0,0,0,0,0,4,0,0,1,-102.16324655513948,-218.9756808640937,True
60,5,4,5,0,1,2,1,3,5,8,3,11,6,13,0,3,4,0,33,0,15,0,11,4,0,0,0,0,0,0,0,0,0,0,0,0,0,0,0,0,0,0,0,0,1,0,0,0,0,1,0,4,7,2,1,-109.82741269529829,-267.3096752271128,True
61,2,3,2,0,5,5,0,2,11,16,2,4,3,2,22,0,5,2,36,0,13,0,5,5,0,0,0,0,0,0,0,0,0,0,0,0,0,0,0,2,0,0,0,0,5,0,0,0,1,2,0,3,2,0,1,-141.92350975040998,-312.69383649616304,True
62,0,0,0,0,0,0,0,0,0,0,0,0,0,0,0,0,0,0,21,0,0,89,14,0,0,0,0,0,0,0,0,0,0,0,0,0,0,0,0,0,0,0,0,0,0,0,0,0,0,0,0,2,0,12,1,-359.8539728710347,-563.4490223178842,True
63,1,1,8,0,7,3,4,1,15,9,1,5,0,0,0,1,0,11,24,5,21,0,0,3,0,0,0,0,0,0,0,0,0,0,1,0,0,0,1,0,0,0,0,0,0,0,0,0,0,0,3,10,4,1,1,-103.4223377487342,-247.28233341982278,True
64,5,0,9,0,5,14,5,0,0,0,0,0,0,0,0,0,0,5,18,0,22,0,22,0,0,0,0,0,0,0,0,0,0,0,0,0,0,0,0,0,0,0,0,0,0,0,0,0,3,0,0,5,4,0,1,-124.13891399422187,-292.6370722665068,True
65,0,5,0,0,5,0,9,0,13,9,0,13,0,0,0,0,0,0,5,0,0,0,0,0,0,0,0,0,0,0,0,0,0,0,0,0,5,0,0,0,0,0,0,0,0,0,0,0,1,2,0,0,1,0,1,-126.86397058980549,-170.04195157382924,True
66,0,0,0,0,0,0,11,0,0,0,0,11,0,0,0,0,11,0,37,0,21,0,0,0,0,0,0,0,0,0,0,0,0,0,0,0,0,0,0,0,0,0,0,0,0,0,0,0,1,3,0,7,1,1,1,-92.1368449321131,-192.57946716877032,True
67,0,0,13,0,0,13,0,0,0,0,0,0,0,0,0,26,0,0,13,0,13,13,26,0,0,0,0,0,0,0,0,0,0,0,0,0,0,0,0,0,0,0,0,0,0,0,0,0,0,5,0,11,0,5,1,-172.03434351110224,-387.5656738210587,True
68,9,2,6,0,0,4,0,1,3,5,4,14,9,17,0,4,6,3,35,3,14,0,4,9,0,0,0,0,0,0,0,0,0,0,0,0,0,0,0,0,0,0,0,1,1,0,1,0,1,1,0,7,2,2,1,-136.25170734525517,-288.73463417230886,True
69,0,8,3,0,0,0,0,5,0,5,3,8,0,0,0,15,0,15,43,0,46,0,0,0,0,0,0,0,0,0,0,0,0,0,0,0,0,0,0,0,0,0,0,0,0,0,0,0,1,2,0,0,0,0,1,-122.991217794687,-251.48552200783936,True
70,1,1,8,0,6,2,2,1,15,9,1,6,0,0,0,1,0,11,22,5,19,0,0,3,0,0,0,0,0,0,0,0,0,0,1,0,0,0,1,0,0,0,0,0,0,0,0,0,0,0,3,10,4,1,1,-101.5211658594934,-233.09950898123557,True
71,4,2,4,0,3,2,1,11,4,4,1,8,7,4,3,6,4,4,31,2,15,0,3,8,0,0,0,0,0,0,0,0,0,0,0,0,0,0,0,1,0,0,0,0,1,0,0,0,1,1,1,4,2,0,1,-82.86375711777471,-231.26116352874138,True
72,4,0,17,0,10,0,4,0,7,14,0,0,0,0,0,0,0,0,4,10,7,0,0,0,4,0,0,0,0,0,0,0,0,0,0,0,0,0,0,0,0,0,0,0,0,0,0,0,0,0,0,9,2,0,1,-125.27564837834856,-215.31377224097028,True
73,0,0,3,0,8,0,0,0,5,0,0,5,0,0,0,0,0,10,10,0,8,0,0,0,0,0,0,0,0,0,0,0,0,0,0,0,0,0,0,0,0,0,0,0,3,0,0,0,0,0,0,4,0,0,1,-77.01208133270865,-112.0770139780265,True
74,0,0,9,0,18,5,0,0,0,0,0,5,0,0,0,14,0,0,23,0,45,0,0,0,0,0,0,0,0,0,0,0,0,0,0,0,0,0,0,0,0,0,0,0,0,0,0,0,0,1,1,0,0,0,1,-107.70238909799002,-217.7491615081282,True
75,0,12,9,0,6,3,6,0,0,3,0,6,0,0,0,18,0,9,44,0,21,0,0,3,0,0,0,0,0,0,0,0,0,0,0,0,0,0,0,0,0,0,0,0,0,0,0,0,0,2,0,2,0,35,1,-190.04463023448662,-361.247155776882,True
76,0,7,7,0,5,0,2,2,0,0,0,4,7,7,5,0,0,0,24,5,16,0,0,2,0,0,0,0,0,0,0,0,4,0,0,0,0,0,0,0,0,0,0,0,0,0,0,0,0,0,0,1,2,1,1,-99.50880123800731,-179.33950397167095,True
77,0,0,0,51,0,0,0,0,0,0,0,0,0,0,0,12,0,0,8,0,0,74,0,0,0,0,0,0,0,0,0,0,0,0,0,0,0,0,0,0,0,0,0,0,0,0,0,0,5,0,0,3,0,6,1,-418.7962790419272,-784.5987973441689,True
78,2,0,2,0,15,4,0,1,1,1,1,6,3,1,0,0,7,0,42,3,12,0,8,1,0,0,0,0,0,0,0,0,0,0,0,0,0,0,0,0,0,0,0,0,0,0,0,0,1,1,0,1,2,0,1,-81.17293317697512,-195.53425235413704,True
79,4,0,4,0,10,4,7,0,0,4,0,10,4,0,0,0,7,0,27,0,23,0,7,0,0,0,0,0,0,0,0,0,0,0,0,0,0,0,0,0,0,0,0,0,0,0,0,0,0,0,0,3,2,0,1,-76.42129682226009,-201.48891695193126,True
80,0,5,3,0,5,0,11,0,0,8,8,5,3,0,0,13,3,3,18,0,13,0,0,0,0,0,0,0,0,0,0,0,0,0,0,0,0,0,0,0,0,0,0,0,3,0,0,0,0,2,0,2,0,2,1,-82.59933634744496,-194.36946877652665,True
81,4,0,17,0,11,0,0,0,7,11,0,0,0,0,0,0,0,0,4,11,7,0,0,0,4,0,0,0,0,0,0,0,0,0,0,0,0,0,0,0,0,0,0,0,0,0,0,0,0,0,0,9,2,0,1,-124.84912694468136,-203.77273937093437,True
82,5,10,10,0,5,0,0,5,0,19,0,24,0,5,0,5,0,0,19,0,52,0,0,0,0,0,0,0,0,0,0,0,0,0,0,0,0,0,0,0,0,0,0,0,0,0,0,0,0,3,0,17,2,1,1,-152.86008677044163,-290.2780610455296,True
83,0,0,0,0,24,0,0,24,24,24,0,0,0,0,0,0,72,0,0,24,24,0,0,0,0,0,0,0,0,0,0,0,0,0,0,0,0,0,0,0,0,0,0,0,0,0,0,0,0,0,0,4,0,0,1,-409.43709526053254,-742.5850251183517,True
84,0,0,4,0,7,7,7,4,0,0,0,4,4,0,0,4,4,4,23,0,33,0,0,4,0,0,0,0,0,0,0,0,0,0,0,0,0,0,0,0,0,0,0,0,7,0,0,0,0,2,0,0,2,0,1,-84.61222252649412,-201.64699544092264,True
85,0,16,16,0,8,0,0,0,8,38,0,23,0,0,16,0,8,0,8,0,31,0,0,0,0,0,0,0,0,0,0,0,0,0,0,0,0,0,0,0,0,0,0,0,0,0,0,0,0,0,0,23,13,0,1,-245.17731756200843,-445.8381123706324,True
86,1,0,5,0,1,1,1,6,1,0,0,7,0,2,0,0,1,0,0,0,0,0,8,0,0,0,0,0,0,0,0,0,0,0,0,0,0,0,0,0,0,0,0,0,0,0,0,0,0,1,0,1,1,0,1,-102.19553908413863,-145.48580165465177,True
87,0,0,0,0,15,0,9,0,2,11,0,5,0,0,0,0,0,15,11,0,2,0,2,0,15,15,0,0,0,0,0,0,0,0,0,0,0,0,2,0,0,0,0,0,0,0,0,0,2,5,2,2,2,0,1,-234.08912789005964,-191.6621234562595,False
88,9,0,9,0,9,0,9,0,0,0,0,0,0,0,0,0,0,0,55,0,0,28,0,0,0,0,0,0,0,0,0,0,0,0,0,0,0,0,0,0,0,0,0,0,0,0,0,0,0,2,0,22,7,5,1,-180.50004342136378,-349.4727958343456,True
89,0,0,0,0,0,0,0,0,10,0,0,0,0,0,0,0,0,0,10,0,28,0,0,0,0,0,0,0,0,0,0,0,0,0,0,0,0,0,0,0,0,0,0,0,0,0,0,0,0,2,0,6,0,0,1,-94.59647651703764,-143.0544140987707,True
90,0,0,14,0,0,0,0,0,0,0,0,14,0,0,0,0,0,0,14,0,53,0,0,14,0,0,0,0,0,0,0,0,0,0,0,0,0,0,0,0,0,0,0,0,0,0,0,0,0,0,0,0,3,0,1,-131.50917925546256,-240.55342873157213,True
91,6,5,3,0,2,1,0,2,6,7,3,7,7,12,1,3,5,1,30,0,14,0,6,6,0,0,0,0,0,0,0,0,0,0,0,0,0,0,0,0,0,0,0,0,1,0,0,0,1,1,0,5,6,2,1,-102.78733193879361,-243.55857171623572,True
92,0,0,4,0,7,7,4,7,0,0,0,4,4,0,0,4,4,0,23,0,33,0,0,4,0,0,0,0,0,0,0,0,0,0,0,0,0,0,0,0,0,0,0,0,7,0,0,0,0,2,0,0,2,0,1,-86.9232742308905,-194.38248139682082,True
93,4,5,4,0,2,1,0,2,6,7,4,7,6,13,1,3,4,0,32,0,14,0,5,4,0,0,0,0,0,0,0,0,0,0,0,0,0,0,0,0,0,0,0,0,1,0,0,0,1,1,0,4,6,2,1,-101.33006914853313,-231.4641230314201,True
94,0,0,0,0,0,0,9,0,0,0,0,0,0,0,0,9,0,18,35,0,18,0,0,0,0,0,0,0,0,0,0,0,0,0,0,0,0,0,0,0,0,0,0,0,0,0,0,0,0,2,0,5,0,0,1,-94.58422303943436,-198.45974208543703,True
95,0,0,3,0,3,3,3,3,0,0,6,9,0,0,0,9,6,3,24,27,30,0,0,6,0,0,0,0,0,0,0,0,0,0,0,0,0,0,0,0,0,0,0,0,0,0,0,0,0,1,0,2,0,1,1,-119.30800781847016,-324.3334893728985,True
96,0,0,0,0,0,0,0,0,0,0,3,3,0,0,0,0,0,0,11,14,3,106,0,0,0,0,0,0,0,0,0,0,0,0,0,0,0,0,0,0,0,0,0,0,0,0,0,0,4,1,1,2,1,4,1,-412.94808728156437,-630.888536988934,True
97,0,0,8,0,3,0,0,0,3,3,3,19,0,0,0,3,0,0,39,3,12,0,0,0,0,0,0,0,0,0,0,0,0,0,0,0,0,0,0,0,0,0,0,0,0,0,0,0,0,2,0,11,1,0,1,-78.72909497223466,-157.16383147284958,True
98,0,0,0,0,0,6,17,0,0,0,6,6,0,0,0,6,28,6,50,0,22,0,0,0,0,0,0,0,0,0,0,0,0,0,0,0,0,0,0,0,0,0,0,0,0,0,0,0,0,0,0,0,2,0,1,-145.49528610353943,-331.56845645181556,True
99,0,0,0,0,0,0,0,0,0,0,0,0,0,0,0,11,11,0,33,0,22,0,0,0,0,0,0,0,0,0,0,0,0,0,0,0,0,0,0,0,0,0,0,0,11,0,0,0,0,4,0,4,0,0,1,-99.94789525497508,-164.26200885111285,True
100,5,9,9,0,5,0,0,5,0,18,0,23,0,5,0,5,0,0,18,0,50,0,0,0,0,0,0,0,0,0,0,0,0,0,0,0,0,0,0,0,0,0,0,0,0,0,0,0,0,3,0,17,3,1,1,-145.19020190037182,-280.9780999529317,True
101,15,0,0,0,0,0,0,0,0,15,0,0,15,0,0,74,0,0,30,0,15,0,0,45,0,0,0,0,0,0,0,0,0,0,0,0,0,0,0,0,0,0,0,0,0,0,0,0,0,0,0,13,3,0,1,-346.6070387045093,-679.3616310199848,True
102,1,1,4,0,4,0,0,0,6,1,0,3,2,0,0,2,0,0,11,1,10,0,0,1,0,0,0,0,1,0,0,0,0,0,0,0,0,0,0,0,0,2,0,0,1,0,0,0,1,1,0,1,1,1,1,-79.66788641322462,-103.08446919141157,True
103,0,0,4,0,7,7,4,4,0,0,0,4,4,0,0,4,4,0,23,0,33,0,0,4,0,0,0,0,0,0,0,0,0,0,0,0,0,0,0,0,0,0,0,0,7,0,0,0,0,2,0,0,2,0,1,-84.07896482597202,-186.50421289164666,True
104,11,0,7,0,11,0,7,0,0,7,0,7,0,0,4,7,0,0,60,0,15,0,4,4,0,0,0,0,0,0,0,0,0,0,0,0,0,0,0,0,0,0,0,0,4,0,0,0,0,0,0,4,1,0,1,-102.51053203240207,-244.6302145681303,True
105,0,15,0,0,0,0,15,0,0,0,0,0,0,0,0,15,15,0,0,0,15,0,0,0,0,0,0,0,0,0,0,0,0,0,0,0,15,0,0,0,0,0,0,0,0,0,0,0,0,4,0,6,2,2,1,-183.2146526204907,-278.4919405105751,True
106,0,0,14,0,0,0,0,0,0,0,0,14,0,0,0,0,0,0,14,0,53,0,0,14,0,0,0,0,0,0,0,0,0,0,0,0,0,0,0,0,0,0,0,0,0,0,0,0,0,0,0,0,3,0,1,-131.50917925546256,-240.55342873157213,True
107,0,0,0,0,0,0,0,0,0,0,0,0,0,0,0,40,0,0,0,0,0,0,0,0,0,0,0,0,0,0,0,0,0,0,0,0,0,0,0,0,0,0,0,0,0,0,0,0,0,0,0,26,0,0,1,-171.55342491884932,-273.63827454582565,True
108,2,0,6,0,3,2,3,3,0,5,2,3,0,0,0,19,2,2,11,0,15,0,0,0,0,0,0,0,0,0,0,0,0,0,0,0,0,0,0,2,0,0,0,0,0,0,0,0,0,1,0,3,0,0,1,-72.17902786091628,-162.091936978018,True
109,0,0,0,0,0,0,0,0,0,0,0,0,0,0,0,0,0,0,0,0,7,84,0,0,0,0,0,0,0,0,0,0,0,0,0,0,0,0,0,0,0,0,0,0,0,0,0,0,0,0,0,3,0,3,1,-321.2642663411726,-456.0121160546233,True
110,0,9,0,0,0,0,0,0,0,0,0,9,0,0,0,0,0,19,64,0,9,0,0,0,0,0,0,0,0,0,0,0,0,0,0,0,0,0,0,0,0,0,0,0,0,0,0,0,0,2,0,3,0,0,1,-122.67666941306004,-182.26378561205217,True
111,0,0,0,0,0,0,0,0,0,0,0,0,0,0,0,0,0,0,45,0,0,0,0,0,0,0,0,0,0,0,0,0,0,0,0,0,0,0,0,0,0,0,0,0,0,0,0,0,0,0,0,9,0,0,1,-97.03130052170114,-123.83117251386389,True
112,12,6,0,0,6,0,0,6,0,0,0,0,6,0,0,0,0,6,36,0,66,0,0,6,0,0,0,0,0,0,0,0,0,0,0,0,0,0,0,0,0,0,0,0,0,0,0,0,0,0,0,2,0,0,1,-151.10195736204508,-287.8365884637937,True
113,4,3,3,0,1,5,1,3,1,15,4,6,10,0,2,1,0,0,31,0,8,0,4,4,0,0,0,0,0,0,0,0,0,0,0,0,0,0,0,0,0,0,0,0,2,0,0,0,0,1,0,3,3,1,1,-89.66494376240745,-192.99519836093793,True
114,2,0,6,0,11,2,6,0,6,6,0,2,0,0,2,4,2,6,19,0,20,0,0,2,0,0,0,0,0,0,0,0,0,0,0,0,0,0,0,0,0,2,0,0,0,0,0,0,0,2,0,3,4,0,1,-74.01221790330456,-181.35713543667913,True
115,0,5,20,0,25,0,0,0,0,0,0,0,5,0,0,5,15,5,45,0,5,0,0,0,0,0,0,0,0,0,0,0,0,0,0,0,0,0,0,0,0,0,0,0,0,0,0,0,0,0,0,5,0,0,1,-127.31074455149718,-236.71879810768394,True
116,15,0,0,0,0,0,0,0,0,5,0,24,0,0,0,10,0,0,68,0,20,0,5,0,0,0,0,0,0,0,0,0,0,0,0,0,0,0,0,0,0,0,0,0,5,0,0,0,0,0,0,2,1,0,1,-139.08346899995598,-240.1465109994359,True
117,0,5,5,0,19,0,12,3,0,5,3,7,3,0,5,3,15,0,29,0,17,0,0,0,0,0,0,0,0,0,0,0,0,0,0,0,0,0,0,0,0,0,0,0,0,0,0,0,0,0,0,1,0,0,1,-100.28159676531747,-245.78430896176505,True
118,0,9,12,0,2,0,0,2,3,2,2,4,2,0,12,0,2,21,28,2,13,0,0,2,0,0,0,0,0,0,0,0,0,0,0,2,0,0,0,0,0,0,0,0,0,0,0,0,0,2,0,4,1,0,1,-113.77811707324219,-229.29491280539216,True
119,0,6,6,0,23,0,6,0,0,0,0,6,6,0,0,6,34,0,40,0,17,0,0,0,0,0,0,0,0,0,0,0,0,0,0,0,0,0,0,0,0,0,0,0,0,0,0,0,0,3,0,12,4,0,1,-147.5393442339725,-322.9386424944072,True
120,5,3,5,0,1,2,1,3,4,7,3,9,6,12,0,3,4,0,30,0,14,0,10,4,0,0,0,0,0,0,0,0,0,0,0,0,0,0,0,0,0,0,0,0,1,0,0,0,0,1,0,4,8,2,1,-102.1880084196749,-253.218518082517,True
121,0,5,0,0,0,5,0,0,3,3,0,12,5,0,0,3,0,5,27,0,5,0,0,3,0,0,0,0,0,0,0,0,0,0,3,0,3,0,0,0,0,0,0,0,0,0,0,0,0,0,0,4,14,1,1,-105.65066876967452,-177.67186441509918,True
122,0,0,0,0,7,0,0,0,0,0,7,7,0,0,0,0,13,0,13,52,13,0,0,7,0,0,0,0,0,0,0,0,0,0,0,0,0,0,0,0,0,0,0,0,0,0,0,0,0,5,0,1,0,0,1,-210.99528711832266,-440.1295132190374,True
123,0,0,6,0,12,0,0,0,0,0,0,0,10,0,2,0,4,4,32,0,10,0,0,0,0,0,0,0,0,0,0,0,0,0,0,0,0,0,0,0,0,0,0,0,0,0,0,0,0,2,0,5,0,0,1,-83.48159558988053,-148.97342309967968,True
124,0,2,0,0,7,1,1,0,3,1,5,8,1,17,0,6,9,2,33,0,25,0,0,1,0,0,0,0,0,0,0,0,0,0,0,0,3,0,0,0,0,0,0,0,0,0,0,0,0,1,0,1,1,0,1,-111.70315650584143,-214.82139178891458,True
125,0,0,9,0,9,0,9,0,0,0,0,0,9,0,0,0,0,0,26,0,17,0,0,9,0,0,0,0,0,0,0,0,0,0,0,0,0,0,0,0,0,0,0,0,0,0,0,0,0,4,0,8,2,0,1,-92.78610106471179,-204.74278970132022,True
126,5,0,9,0,5,14,0,0,0,0,0,0,0,0,0,0,0,5,18,0,22,0,22,0,0,0,0,0,0,0,0,0,0,0,0,0,0,0,0,0,0,0,0,0,0,0,0,0,3,0,0,5,4,0,1,-124.59011150299824,-276.7911880990809,True
127,0,0,8,0,8,17,0,0,0,0,0,8,17,0,0,0,0,0,41,0,0,0,0,0,0,0,0,0,0,0,0,0,0,0,0,0,0,0,0,0,0,0,0,0,0,0,0,0,0,0,0,9,0,0,1,-136.23106753237766,-211.52283971371827,True
128,4,2,8,0,0,7,0,7,7,10,0,7,5,0,11,0,2,16,19,5,9,0,7,8,0,0,0,0,0,0,0,0,0,0,1,0,0,0,0,0,0,0,0,0,0,0,0,0,0,0,0,6,2,1,1,-123.08452374702439,-304.1763280972416,True
129,0,0,0,0,0,13,0,0,0,0,0,0,0,0,0,0,0,0,13,0,0,0,0,0,0,0,0,0,0,7,0,0,0,0,0,0,0,0,0,0,0,0,0,0,0,0,0,0,0,1,0,4,0,0,1,-131.2564911423138,-127.14959915715279,False
130,0,8,0,0,8,0,8,0,0,8,0,0,0,0,0,8,8,8,16,0,16,0,0,0,0,0,0,0,0,0,0,0,0,0,0,0,0,0,0,0,0,0,0,0,0,0,0,0,0,2,0,3,0,0,1,-82.62618285560552,-178.02072453558765,True
131,9,0,0,0,0,0,9,0,0,0,0,0,0,0,0,0,9,9,19,0,28,0,0,9,0,0,0,0,0,0,0,0,0,0,0,0,0,0,0,0,0,0,0,0,0,0,0,0,0,0,0,6,0,0,1,-103.75287240323912,-227.10009124104297,True
132,12,4,6,0,0,10,2,2,14,4,0,10,0,2,0,10,0,0,26,4,14,0,0,14,0,0,0,0,0,0,0,0,0,0,0,0,0,0,0,0,0,0,0,0,0,0,0,0,0,3,0,8,4,1,1,-122.61627837342314,-289.33431294556704,True
133,0,0,0,0,0,0,0,0,0,38,0,0,0,0,0,0,0,0,19,0,0,0,0,19,0,0,0,0,0,0,0,0,0,0,0,0,0,0,0,0,0,0,0,0,0,0,0,0,3,0,0,0,0,0,1,-174.1281892986458,-245.71807579923504,True
134,0,4,2,0,0,0,0,0,2,13,0,6,0,0,0,0,0,2,33,0,13,74,0,2,0,0,0,0,0,0,0,0,0,0,0,0,0,0,0,0,0,0,2,0,0,0,0,0,0,1,0,0,1,7,1,-277.28117579726546,-441.9368676597285,True
135,0,0,12,0,4,4,0,0,0,0,0,4,0,0,0,16,0,0,54,0,24,0,0,4,0,0,0,0,0,0,0,0,0,0,0,0,0,0,0,0,0,0,0,0,0,0,0,0,0,2,0,3,0,0,1,-93.89346226745135,-202.99358842582336,True
136,1,1,8,0,9,11,3,2,6,1,2,6,2,0,23,3,1,10,17,2,5,0,9,1,0,0,0,0,0,0,0,0,0,0,0,0,0,0,0,1,0,0,2,1,1,1,0,0,0,1,0,5,2,1,1,-139.4702807965548,-317.3798163767054,True
137,1,0,1,0,4,1,1,0,2,3,4,5,0,6,0,9,2,0,17,41,17,0,4,2,0,0,0,0,0,0,0,0,0,0,0,0,0,0,0,0,0,0,0,0,0,0,0,0,0,2,0,4,2,0,1,-149.54828283401915,-369.50629692207394,True
138,0,6,0,0,0,6,0,0,0,3,0,13,0,0,0,0,3,0,3,0,3,0,6,0,0,0,0,0,0,0,0,0,0,0,0,0,0,0,0,0,0,0,0,0,0,0,0,0,0,2,0,0,1,0,1,-99.92939201202586,-129.3759762671662,True
139,3,0,3,0,0,0,0,0,5,3,0,5,0,0,0,2,0,0,32,0,17,0,0,2,0,0,0,0,0,0,0,0,0,0,0,0,0,0,0,0,0,0,0,0,0,0,0,0,1,1,0,1,1,0,1,-69.49323081089821,-120.95219079161605,True
140,0,0,17,0,0,0,0,0,0,0,0,0,0,0,0,50,0,0,33,0,17,0,0,0,0,0,0,0,0,0,0,0,0,0,0,0,0,0,0,0,0,0,0,0,0,0,0,0,0,0,0,27,0,0,1,-173.22130738780524,-346.3598154232561,True
141,5,3,4,0,1,2,1,3,5,8,3,9,6,11,0,2,4,1,33,0,15,0,11,6,0,0,0,0,0,0,0,0,0,0,0,0,0,0,0,0,0,0,0,0,1,0,0,0,0,1,0,4,9,2,1,-106.35951137335508,-271.0826839343585,True
142,9,0,0,0,0,26,0,0,0,0,0,9,9,0,0,0,0,0,26,0,17,0,0,0,0,0,0,0,0,0,0,0,0,0,0,0,0,0,0,0,0,0,0,0,0,0,0,0,0,5,0,29,4,0,1,-164.65035730633366,-286.3256594398148,True
143,0,0,0,0,10,0,10,0,0,0,0,0,0,0,0,10,0,0,0,0,20,0,0,0,0,0,0,0,0,0,0,0,0,0,0,0,0,0,0,0,0,0,0,10,0,0,0,0,0,0,0,9,0,0,1,-141.77749869411855,-197.33032214941056,True
144,7,0,0,0,13,0,7,0,0,0,0,7,0,0,0,0,0,7,38,0,13,0,0,7,0,0,0,0,0,0,0,0,0,0,0,0,13,0,0,0,0,0,0,0,0,0,0,0,0,0,0,2,4,0,1,-119.53919549551244,-203.77269907575578,True
145,2,2,3,0,11,2,2,10,9,6,1,11,2,9,1,0,0,12,39,7,18,0,1,3,0,0,0,0,0,0,0,0,0,0,0,0,0,0,1,1,0,0,0,0,0,0,0,0,0,0,3,5,3,1,1,-117.03534351975277,-275.38850080940654,True
146,0,0,0,0,0,0,0,12,0,0,12,0,0,0,0,61,0,0,12,0,12,0,0,0,0,0,0,0,0,0,0,0,0,0,0,0,0,0,0,0,0,0,0,0,0,0,0,0,0,0,0,15,0,0,1,-201.18804814529295,-388.3240860974781,True
147,0,0,16,0,0,8,0,4,0,0,4,12,0,0,0,4,0,12,20,0,4,0,12,4,0,0,0,0,0,0,0,0,0,0,0,0,0,0,0,0,0,0,0,0,0,0,0,0,0,1,0,7,2,0,1,-103.13457292502706,-230.65331181438506,True
148,2,2,3,0,5,1,1,1,7,25,0,4,2,0,15,4,1,0,28,5,16,0,2,2,0,0,0,0,0,0,0,0,0,0,0,0,0,0,0,5,0,0,0,0,4,1,0,0,0,2,0,4,1,1,1,-124.62245826151927,-264.0082536947492,True
149,0,0,0,0,0,0,0,0,0,0,0,0,0,0,0,0,0,0,0,0,39,0,0,0,0,0,0,0,0,0,0,0,0,0,0,0,0,0,0,0,0,0,0,0,0,0,0,0,0,0,0,0,13,0,1,-127.93372629199943,-192.0292384647344,True
150,5,0,10,0,10,0,10,0,0,0,0,5,0,0,0,5,5,0,45,0,10,0,15,0,0,0,0,0,0,0,0,0,0,0,0,0,0,0,0,0,0,0,0,0,5,0,0,0,0,0,0,12,3,0,1,-101.33811305783817,-267.60629541275193,True
151,8,0,8,0,16,0,0,0,0,0,0,0,0,0,0,8,8,0,16,0,24,0,8,0,0,0,0,0,0,0,0,0,0,0,0,0,0,0,0,0,0,0,0,0,0,0,0,0,0,0,0,16,4,0,1,-98.19479593166766,-238.87942780123137,True
152,0,9,0,0,0,0,0,0,0,0,0,0,0,0,0,9,0,19,37,0,28,0,0,0,0,0,0,0,0,0,0,0,0,0,0,0,0,0,0,0,0,0,0,0,9,0,0,0,0,0,0,2,2,0,1,-116.74857319112913,-193.39592708611545,True
153,0,0,0,0,9,0,9,0,0,0,0,0,0,0,9,0,0,18,9,0,0,0,0,0,0,0,0,0,0,0,0,0,0,0,0,9,0,0,0,0,0,0,0,0,9,0,0,0,0,3,0,0,2,0,1,-154.99244906335807,-211.55691122546295,True
154,0,0,0,0,0,19,0,0,0,0,0,0,0,0,0,0,0,0,19,0,0,0,0,0,0,0,0,0,0,0,0,0,19,0,0,0,19,0,0,0,0,0,0,0,0,0,0,0,0,0,0,0,0,0,1,-246.2255507532548,-198.6149065929158,False
155,6,0,6,6,6,0,0,0,0,0,0,12,0,0,0,0,0,0,42,0,6,0,0,0,0,0,0,0,0,0,0,0,0,0,0,0,0,0,0,0,0,0,0,0,0,0,0,0,0,1,0,2,0,0,1,-84.9220849462629,-150.91541878404706,True
156,0,0,12,0,0,0,0,0,0,0,0,24,0,0,0,0,0,0,24,0,49,0,0,0,0,0,0,0,0,0,0,0,0,0,0,0,0,0,0,0,0,0,0,0,0,0,0,0,0,0,0,0,0,0,1,-120.77055656315038,-188.33437465572436,True
157,0,0,11,0,33,0,0,0,0,0,0,0,0,11,0,11,0,0,22,0,22,0,11,11,0,0,0,0,0,0,0,0,0,0,0,0,0,0,11,0,0,0,0,0,0,0,0,0,0,0,0,24,6,10,1,-217.36456824375475,-412.719865706373,True
158,0,0,9,0,17,5,0,0,0,0,0,5,0,0,0,5,0,0,21,0,42,0,0,0,0,0,0,0,0,0,0,0,0,0,0,0,0,0,0,0,0,0,0,0,0,0,0,0,0,3,0,0,0,0,1,-96.7888641275318,-184.35149436678356,True
159,0,0,0,0,19,0,10,0,0,10,0,10,0,0,0,0,0,0,58,38,29,0,0,0,0,0,0,0,0,0,0,0,0,0,0,0,0,0,0,0,0,0,0,0,0,0,0,0,0,0,0,2,0,0,1,-188.03213629560366,-423.29631888718393,True
160,4,1,6,0,21,2,0,0,1,7,4,8,3,0,0,2,4,0,50,0,19,0,1,8,0,0,0,0,0,0,0,0,0,0,0,0,0,0,0,1,0,0,0,0,2,0,1,0,1,1,0,2,2,1,1,-99.534400256945,-222.04935636998192,True
161,0,0,0,0,0,13,0,0,0,0,0,0,0,0,0,0,0,0,13,0,13,25,0,0,0,0,0,0,0,0,0,0,0,0,0,0,0,0,0,0,0,0,0,0,13,0,0,0,0,0,0,17,0,5,1,-161.18846234383386,-244.80186197845717,True
162,5,3,5,0,8,3,0,2,4,41,1,13,5,0,8,12,3,20,24,0,24,0,1,5,0,0,0,0,0,0,0,0,0,0,0,1,0,0,0,1,0,0,0,0,0,0,0,0,1,3,1,8,1,0,1,-169.77555771207338,-360.513772106255,True
163,46,46,0,0,0,0,0,0,0,0,0,0,0,0,0,46,0,91,0,0,46,0,0,91,0,0,0,0,0,0,0,0,0,0,0,0,0,0,0,0,0,0,0,0,0,0,0,0,0,0,0,31,0,0,1,-880.9149481847654,-1399.4151775565324,True
164,0,0,0,0,0,0,0,0,0,0,0,0,0,0,0,0,0,0,0,0,0,0,0,0,0,0,0,0,0,0,0,0,0,0,0,0,0,0,0,0,0,0,0,0,0,0,0,0,0,0,0,0,9,0,1,-117.58731764642151,-127.2293089356559,True
165,5,0,5,0,5,5,0,0,0,9,0,5,0,0,0,0,35,0,14,0,18,0,14,0,0,0,5,0,0,0,0,0,0,0,0,0,0,0,0,0,0,0,0,0,0,0,0,0,0,0,0,3,2,1,1,-163.457295250428,-288.996930569005,True
166,4,4,0,0,0,0,0,0,12,49,4,0,0,0,45,0,0,0,12,0,12,0,41,4,0,0,0,0,0,0,0,0,0,0,0,0,0,0,0,0,0,0,0,0,0,0,0,0,0,0,0,9,8,0,1,-378.94149062814785,-736.1741136258474,True
167,0,0,3,0,8,0,0,0,17,0,5,13,0,0,0,3,0,0,30,0,13,0,0,3,0,0,0,0,0,0,0,0,0,0,0,0,0,3,0,0,0,0,0,0,3,0,0,0,0,1,0,11,3,2,1,-107.10486480609599,-202.68192622733955,True
168,0,0,7,0,0,0,0,0,0,0,0,0,0,0,0,7,0,0,0,0,0,0,0,0,7,14,0,0,0,0,0,0,0,0,0,0,0,0,0,0,0,0,0,0,0,0,0,0,0,0,0,4,0,0,1,-182.84668931245642,-112.4502705811948,False
169,0,3,0,0,0,0,0,0,0,0,0,6,0,0,0,0,0,0,0,0,0,0,0,0,0,0,0,3,0,0,0,0,0,0,0,9,0,0,6,0,0,0,0,0,0,6,0,0,0,2,0,0,0,0,1,-172.56322292126245,-108.22108760579485,False
170,0,0,0,0,0,0,0,0,0,0,0,0,0,0,0,0,0,0,0,0,0,0,0,0,0,0,0,0,0,0,0,0,0,0,0,0,0,0,0,0,0,0,0,0,0,0,0,0,0,0,0,0,0,0,1,-111.38834380103528,-99.24975212529341,False
171,0,0,0,0,0,0,0,0,0,0,0,0,0,0,0,0,0,0,0,0,0,0,0,0,0,0,0,7,0,0,0,0,4,0,0,0,0,0,7,0,0,0,0,0,0,0,0,0,0,3,0,0,0,0,1,-165.12338872622868,-110.94209200152793,False
172,0,0,0,6,6,0,0,0,0,0,0,0,6,0,0,25,0,6,0,0,6,0,6,0,0,0,0,0,0,0,0,0,0,0,0,0,0,0,0,0,0,0,0,0,0,0,0,0,0,0,0,5,3,2,1,-118.42112568023792,-246.20550730121755,True
173,0,0,0,0,11,0,11,0,0,0,0,21,0,0,0,21,0,0,31,0,11,0,0,0,0,0,0,0,0,0,0,0,0,0,0,0,0,0,0,0,0,0,0,0,0,0,0,0,0,0,0,0,0,0,1,-104.0115921799283,-210.49294647644828,True
174,0,0,0,0,7,0,7,0,0,0,0,0,0,0,0,7,0,0,59,0,7,0,0,0,0,0,0,0,0,0,0,0,0,0,0,0,0,0,0,0,0,0,0,0,7,0,0,0,0,0,0,18,0,0,1,-107.7092633408223,-199.13165609335547,True
175,3,0,9,0,12,12,3,0,0,0,0,9,0,0,0,9,12,3,14,0,12,0,6,0,0,0,0,0,0,0,0,0,0,0,0,0,0,0,0,0,0,0,0,0,0,0,0,0,0,0,0,7,0,0,1,-89.06068711496411,-217.3027302766309,True
176,2,8,2,0,2,2,2,0,10,4,2,6,0,0,29,2,0,35,18,0,21,0,37,0,0,0,0,0,0,0,0,0,0,0,0,0,0,0,0,4,0,0,0,0,0,0,0,0,0,2,4,3,4,0,1,-276.280833359471,-578.7138954291495,True
177,0,0,0,0,0,0,0,0,0,11,0,0,0,0,0,33,0,0,55,0,0,0,0,0,0,0,0,0,0,0,0,0,0,0,0,0,0,0,0,0,0,0,0,0,0,0,0,0,0,0,0,22,0,0,1,-151.3109819274877,-274.084234777036,True
178,9,2,6,0,0,4,0,1,3,5,4,14,9,17,0,4,6,3,35,3,14,0,4,9,0,0,0,0,0,0,0,0,0,0,0,0,0,0,0,0,0,0,0,1,1,0,1,0,1,1,0,7,2,2,1,-136.25170734525517,-288.73463417230886,True
179,0,0,0,0,0,0,73,0,0,0,0,0,0,0,0,0,0,0,0,0,0,0,0,0,0,0,0,0,0,0,0,0,0,0,0,0,0,0,0,0,0,0,0,0,0,0,0,0,0,0,0,3,0,0,1,-274.3400525700578,-496.67106102141526,True
180,0,0,0,0,0,13,0,7,0,0,0,0,0,0,0,0,0,0,39,0,7,0,0,0,0,0,0,0,0,0,0,0,0,0,0,0,0,0,0,0,0,0,0,0,0,0,0,0,0,0,0,12,2,0,1,-101.97624360407838,-171.89681842158694,True
181,0,0,8,0,4,4,4,0,0,8,4,4,0,0,0,8,8,8,24,0,12,0,0,4,0,0,0,0,0,0,0,0,0,0,0,0,0,0,0,0,0,0,0,0,0,0,0,0,1,2,3,6,0,0,1,-78.33352960755371,-188.01755001640865,True
182,0,0,0,0,0,0,0,0,0,0,0,0,0,0,0,0,0,0,0,0,0,0,0,0,0,0,0,0,0,0,0,0,0,0,0,0,0,0,0,0,0,0,0,0,0,0,0,0,0,0,0,0,0,0,0,-111.38834380103528,-99.24975212529341,False
183,0,0,0,0,0,0,0,0,0,0,0,8,0,0,0,0,0,0,8,0,0,0,0,0,8,0,0,0,0,0,0,0,0,0,8,8,0,0,0,0,0,16,0,16,0,0,0,0,0,2,0,2,0,0,0,-322.45881929096487,-136.76120959734186,False
184,0,0,0,0,0,0,0,0,0,0,0,0,0,0,0,0,0,0,0,0,0,0,0,0,0,0,0,0,0,0,0,0,0,0,0,0,0,0,0,0,0,0,0,0,0,0,0,0,0,0,0,14,0,0,0,-112.80065692839645,-120.9092693632954,True
185,0,0,16,0,0,0,0,0,0,0,0,16,0,0,0,0,0,0,16,0,16,0,0,0,16,32,0,0,0,0,0,0,0,0,0,0,0,0,0,0,0,0,0,0,0,0,0,0,0,0,0,0,0,0,0,-305.94181948203294,-147.08160482411486,False
186,0,0,0,0,0,0,0,0,0,0,0,33,0,0,0,0,0,0,0,0,0,0,0,0,0,0,0,0,0,0,0,0,0,0,0,0,0,0,0,0,33,0,0,0,0,33,0,0,0,6,0,0,0,0,0,-524.8677000206868,-275.83472911625904,False
187,0,0,7,0,4,0,0,0,0,0,0,4,0,0,0,0,0,0,0,0,0,0,0,0,0,0,0,0,0,0,0,0,0,0,0,0,0,0,0,0,0,0,0,0,0,0,0,0,0,1,1,1,0,0,0,-102.22827802862066,-99.53631510813581,False
188,0,0,0,0,0,0,0,0,0,0,0,0,0,0,0,0,0,28,0,0,0,0,0,0,56,28,0,28,0,28,28,0,0,0,28,28,0,0,0,0,0,0,0,0,0,0,0,0,0,3,0,3,0,0,0,-1202.5209053314697,-521.3574420105839,False
189,0,0,0,0,0,0,0,0,0,0,0,11,0,0,0,0,0,0,11,0,0,0,0,0,0,0,0,0,0,0,0,0,22,0,0,0,0,0,0,0,0,0,0,33,0,0,0,0,0,0,0,0,0,0,0,-351.8945783306112,-200.4511986371455,False
190,0,0,0,0,0,0,0,0,0,0,0,0,0,0,0,0,0,77,0,0,0,0,0,0,0,0,0,0,0,0,0,0,0,0,0,0,0,0,0,0,0,0,0,0,0,0,0,0,0,0,0,0,0,0,0,-278.1431684464531,-358.9941086377641,True
191,4,0,0,0,0,0,0,0,0,0,0,7,0,0,0,0,0,0,4,0,0,0,0,0,4,0,0,0,0,4,0,0,4,0,0,0,0,0,4,0,0,0,0,0,0,0,0,0,0,0,0,0,0,0,0,-145.98631432619018,-91.4697359910588,False
192,0,0,12,0,0,0,0,0,0,0,0,0,0,0,0,0,0,0,0,0,0,0,0,0,47,24,0,0,0,0,0,0,0,0,0,0,12,0,0,0,0,0,12,0,0,0,0,0,0,0,2,0,0,0,0,-524.5936732739551,-199.9941057991877,False
193,0,0,0,0,0,0,0,0,0,0,0,0,0,0,0,0,0,0,0,0,0,0,0,0,0,0,0,0,0,0,0,0,0,0,0,0,14,0,0,0,0,0,0,0,0,0,0,0,0,12,0,0,0,0,0,-163.06442599538178,-126.57403903250578,False
194,0,0,0,0,0,0,0,0,0,0,0,14,0,0,0,0,0,0,14,0,14,0,0,0,14,14,28,0,0,0,0,0,0,0,0,0,14,0,14,0,0,0,14,0,0,0,0,0,0,0,3,5,0,0,0,-514.0076880600427,-163.90766571348263,False
195,0,0,0,0,0,0,0,0,0,0,0,14,0,0,0,0,7,0,14,0,14,0,0,0,0,0,7,0,0,0,7,0,0,0,0,0,0,0,0,22,0,0,0,0,0,0,0,0,0,3,1,0,0,0,0,-225.63107564957224,-159.54321702192175,False
196,0,0,0,0,0,0,0,0,0,0,0,22,0,0,0,0,0,0,11,0,0,0,0,0,54,11,0,0,33,0,11,0,0,0,0,0,11,0,0,0,0,33,11,0,0,0,0,0,0,4,2,0,0,2,0,-944.4412378671575,-326.99489918347297,False
197,0,0,0,0,0,0,0,0,0,0,0,0,0,0,0,0,0,0,0,0,0,0,0,0,20,0,0,0,0,0,0,0,0,0,0,10,0,0,0,0,0,0,0,0,0,0,0,0,0,0,0,2,0,0,0,-212.419629546886,-108.86293035123724,False
198,0,0,0,0,0,0,0,0,0,13,0,25,0,0,0,0,0,0,0,0,0,0,0,0,0,0,0,0,0,0,0,0,0,0,0,0,13,0,0,0,0,0,0,0,0,0,0,0,0,8,0,0,0,0,0,-171.27953092121308,-148.09447576740402,False
199,9,0,0,0,0,0,0,0,0,0,0,9,0,0,0,0,0,0,5,0,0,0,0,0,0,0,0,0,0,0,0,0,0,0,0,0,0,0,0,0,0,0,0,9,0,0,0,0,1,5,0,0,0,0,0,-147.38528275005382,-115.63936598328199,False
200,0,0,0,0,0,0,0,0,0,0,0,0,0,0,0,0,0,11,11,0,0,0,0,0,11,0,0,0,0,0,0,0,0,0,0,0,11,0,11,0,0,0,11,0,0,0,0,0,2,4,0,2,0,0,0,-246.22672814244478,-146.46784223673404,False
201,4,4,0,0,4,0,0,0,0,4,0,12,0,4,0,0,0,0,12,0,0,0,0,0,28,20,12,12,4,4,4,4,0,4,12,4,4,0,0,4,0,4,4,0,4,0,0,0,2,4,5,0,0,0,0,-621.98584300242,-167.7356679221125,False
202,0,0,9,0,5,5,0,0,0,0,0,9,0,5,0,0,9,0,0,0,0,0,0,0,18,0,0,0,0,0,0,0,0,0,0,9,0,0,0,0,0,0,0,0,5,0,0,0,0,2,0,0,0,0,0,-208.44832567128847,-142.2796862863307,False
203,0,0,9,0,9,0,0,0,0,9,0,0,0,0,0,0,0,0,0,0,9,0,0,0,18,9,27,0,0,0,0,0,0,0,0,0,9,0,0,0,0,0,9,0,9,0,0,0,0,3,2,0,0,0,0,-435.7499170019666,-135.4300831980857,False
204,0,14,9,0,0,0,0,0,0,19,0,5,0,0,0,0,0,19,0,0,32,0,0,0,5,0,0,0,0,0,0,0,9,0,0,0,0,0,0,0,0,0,0,0,0,0,0,0,0,2,0,0,0,0,0,-195.1779975448828,-217.97775525868306,True
205,0,0,0,0,0,0,0,0,0,8,0,0,0,0,0,0,0,0,0,0,8,0,0,0,0,0,8,0,8,0,0,0,8,0,0,0,0,0,0,0,0,0,0,0,0,0,0,0,0,2,2,0,0,2,0,-219.22413917519606,-113.7359662053314,False
206,0,14,0,0,0,0,0,0,7,7,0,3,0,0,0,0,0,9,7,0,9,0,0,0,18,0,16,0,0,5,0,0,5,0,0,0,0,0,5,0,0,0,0,0,0,0,0,0,0,1,0,1,1,1,0,-312.97517491787625,-127.64875727642364,False
207,0,0,0,0,0,0,0,0,0,0,0,0,0,0,0,0,0,0,0,0,0,0,0,0,0,0,0,0,0,0,0,0,0,0,0,0,0,0,0,0,0,0,0,0,0,0,0,0,0,0,0,0,0,0,0,-111.38834380103528,-99.24975212529341,False
208,0,0,2,0,2,0,0,2,1,0,1,3,0,0,0,1,0,0,10,0,6,0,3,0,19,5,0,1,0,3,4,0,0,0,3,0,2,0,0,0,0,0,0,0,0,0,0,1,0,2,0,1,1,0,0,-206.94120964554716,-93.67269321272836,False
209,7,0,0,0,0,0,0,0,0,0,0,7,0,0,0,7,0,0,55,0,0,0,0,0,7,0,7,0,0,0,0,0,0,0,0,7,0,0,0,0,0,0,0,0,7,0,0,0,0,2,0,0,0,0,0,-185.5287683749152,-131.09676972310646,False
210,0,0,0,0,0,0,0,0,0,0,0,0,0,0,0,0,0,0,0,0,0,0,0,0,0,0,167,0,0,0,0,0,0,0,0,0,0,0,0,0,0,0,0,0,0,0,0,0,0,0,0,0,0,0,0,-inf,-365.6389709020426,False
211,0,0,3,0,5,0,0,0,3,0,0,0,0,14,0,0,3,0,0,0,7,0,0,0,5,0,0,0,0,0,0,0,0,0,0,0,3,0,0,0,0,19,0,0,0,0,0,0,0,2,0,1,0,3,0,-240.37412910300748,-164.81921621296897,False
212,0,0,0,0,0,0,0,0,0,5,0,19,0,0,0,0,0,5,14,0,5,0,0,0,19,14,10,10,5,5,10,14,0,14,10,5,0,0,0,10,0,14,0,0,5,0,0,10,0,4,0,0,0,0,0,-769.4938984105326,-238.50822872175533,False
213,3,0,3,0,0,0,0,0,0,0,0,3,6,0,0,0,0,0,16,0,0,0,0,0,8,3,0,0,0,0,0,0,0,0,0,0,0,0,0,3,0,0,0,0,0,0,0,0,2,1,0,1,0,0,0,-129.70176217800915,-90.01398086074592,False
214,0,0,0,0,0,0,0,0,0,0,0,36,0,0,0,0,0,0,0,0,0,0,0,0,36,36,0,0,0,0,0,0,0,0,0,0,0,0,0,0,0,0,0,0,0,0,0,0,0,0,0,0,0,0,0,-482.32015755244464,-191.85169341270048,False
215,0,0,0,0,0,0,0,0,0,0,0,0,0,0,0,0,0,0,19,0,0,0,0,0,37,19,19,19,19,19,19,19,0,19,19,19,0,0,0,19,0,0,0,0,0,0,0,0,0,6,0,0,0,0,0,-1275.6942000871995,-429.08008309587825,False
216,0,0,0,0,0,0,0,0,0,0,0,0,0,0,0,0,0,0,39,0,0,0,0,0,0,0,0,0,39,0,0,0,0,0,39,0,0,0,0,0,0,39,0,0,0,0,0,0,0,0,0,0,0,8,0,-788.7276307619222,-375.9890585181737,False
217,0,1,0,0,0,0,0,2,0,0,0,3,0,0,0,0,1,1,1,0,0,0,0,0,3,2,0,1,0,1,0,0,1,0,0,2,5,0,0,0,0,0,0,1,1,2,0,4,0,2,0,0,0,0,0,-155.32470920321813,-89.27740473368381,False
218,0,0,15,0,0,8,0,0,0,0,0,0,0,0,0,0,0,0,0,0,0,0,0,0,0,0,0,0,0,0,0,0,8,0,0,0,0,0,0,0,0,0,0,0,0,0,0,0,0,2,0,0,0,0,0,-148.0506773764573,-138.49659762462514,False
219,0,0,0,0,0,0,0,0,0,0,0,0,0,0,0,0,0,0,0,0,0,0,0,0,0,0,0,0,0,0,0,0,0,0,0,0,0,0,0,0,0,0,0,0,0,0,0,0,0,0,0,0,0,0,0,-111.38834380103528,-99.24975212529341,False
220,0,0,0,0,0,0,0,0,0,0,0,6,6,0,0,0,0,0,12,0,24,0,0,0,12,6,12,6,6,6,6,6,0,6,6,6,6,0,6,6,0,0,6,6,6,0,0,0,0,4,0,0,0,0,0,-507.404220330026,-159.5784454641291,False
221,0,0,0,0,0,0,0,0,0,0,0,0,0,0,0,0,0,0,0,0,0,0,0,0,0,0,250,0,0,0,0,0,0,0,0,0,0,0,0,0,0,0,0,0,0,0,0,0,0,0,0,0,0,0,0,-inf,-597.0514461480741,False
222,0,0,0,0,0,0,0,0,0,0,0,0,0,0,0,0,0,0,0,0,0,0,0,0,125,0,0,0,0,0,0,0,0,0,0,0,0,0,0,0,0,0,0,0,0,0,0,0,0,0,0,12,0,0,0,-795.0518372844631,-321.73054184429054,False
223,0,0,2,0,3,0,0,2,2,0,2,28,0,0,0,0,0,5,17,0,0,0,0,0,5,2,0,0,0,0,0,0,2,0,0,2,2,0,0,0,0,0,0,2,0,0,0,0,1,1,0,0,0,0,0,-137.82822617103636,-111.38610205000202,False
224,0,0,0,0,0,0,0,0,0,0,0,0,0,0,0,0,0,0,0,0,0,0,0,0,0,0,20,0,20,0,0,0,20,0,0,0,0,0,0,0,0,0,0,0,0,0,0,0,0,4,0,0,0,4,0,-436.82062585387587,-165.09954618775052,False
225,0,0,0,0,0,0,0,0,0,25,0,0,0,0,0,0,0,0,25,0,25,0,0,0,0,0,0,0,0,0,0,0,0,0,0,0,0,0,0,0,0,0,0,0,0,0,0,0,0,0,0,0,0,0,0,-108.56189613954237,-158.08120977660107,True
226,0,0,3,0,0,0,0,0,0,0,0,0,0,0,0,0,0,0,0,0,0,0,0,0,0,0,0,0,0,0,0,0,0,0,0,0,0,3,0,0,0,0,0,0,3,0,0,0,1,4,1,0,0,0,0,-124.89902560723095,-105.41821759695073,False
227,0,0,0,0,0,0,0,0,0,0,0,0,0,0,0,0,0,0,0,0,0,0,0,0,84,42,42,42,42,42,42,42,0,42,42,42,0,0,0,42,0,0,0,0,0,0,0,0,0,11,0,0,0,0,0,-3068.0066958399757,-1257.2666217582478,False
228,0,0,0,0,0,0,0,0,0,0,0,0,0,0,0,0,0,0,34,0,0,0,0,0,0,0,0,0,0,0,0,0,0,0,0,0,0,0,0,0,0,0,0,0,0,0,0,0,0,0,0,0,0,0,0,-93.44167028708996,-100.88632217545677,True
229,0,0,4,0,4,0,0,0,0,13,0,0,0,0,0,0,0,0,4,0,0,0,0,0,29,13,20,7,7,7,7,7,0,7,7,7,10,0,10,7,0,0,10,0,10,0,0,0,1,6,3,0,1,0,0,-772.6700816566606,-222.3292109923326,False
230,0,0,6,0,0,0,0,0,0,0,0,6,0,0,0,0,0,0,6,0,6,0,0,0,6,0,0,0,0,0,0,0,12,0,0,0,0,0,0,0,0,0,0,18,0,0,0,0,0,1,0,0,0,0,0,-227.13237219088353,-124.46751360534844,False
231,0,3,2,0,4,0,0,2,0,4,3,4,2,0,0,0,2,0,4,0,2,0,2,0,26,0,0,0,0,3,0,0,2,0,0,0,2,0,0,0,0,0,0,0,0,0,0,0,1,1,0,1,0,0,0,-206.06378635368435,-105.90286354485762,False
232,0,0,0,0,0,6,0,0,0,0,0,0,0,0,0,0,0,0,6,0,0,0,0,0,0,0,0,0,0,0,0,0,0,0,6,0,0,0,0,0,0,6,0,24,0,0,0,0,1,2,0,1,0,0,0,-268.50239733890663,-154.2462107268701,False
233,1,0,2,0,0,0,0,0,9,0,0,3,0,0,0,1,0,0,4,0,2,0,0,0,5,6,1,0,0,0,0,0,8,0,0,0,2,0,0,0,0,0,0,0,1,0,0,0,3,2,1,0,1,0,0,-169.90192898660152,-105.85289978391698,False
234,0,0,0,0,0,0,0,0,0,24,0,48,0,0,0,0,0,0,0,0,0,0,0,0,0,0,0,0,0,0,0,0,0,0,0,0,0,0,0,0,0,0,0,0,0,0,0,0,0,0,0,5,0,0,0,-187.1990800297768,-202.31319734162594,True
235,0,0,14,0,0,0,0,0,0,0,0,27,0,0,0,0,0,0,53,0,14,0,0,0,14,0,0,0,0,14,0,0,0,0,0,0,0,0,0,0,0,14,0,0,0,0,0,0,0,3,0,0,0,0,0,-300.54791623626755,-187.09708592702052,False
236,0,3,4,0,3,2,0,0,0,0,2,5,0,0,0,0,0,0,5,0,2,2,0,0,2,2,0,0,0,0,0,0,2,0,0,0,0,0,2,0,0,0,0,0,7,0,0,0,1,3,0,0,0,0,0,-111.94137721856596,-84.87630950020609,False
237,3,6,3,0,3,0,0,3,33,9,3,9,0,0,0,0,0,9,18,3,27,0,0,0,3,3,3,0,0,0,0,0,0,0,0,0,3,0,0,0,0,0,0,0,0,0,0,0,1,2,0,2,3,2,0,-180.79576856923893,-263.7497185525271,True
238,0,0,23,0,0,0,0,0,0,0,0,0,0,0,0,0,0,0,0,0,0,0,0,0,23,15,0,8,0,0,0,0,0,0,8,0,0,0,0,0,0,0,0,0,8,0,0,0,0,4,0,0,0,0,0,-348.7260425919646,-151.2364017194303,False
239,0,0,0,0,0,0,0,0,0,0,0,0,0,0,0,0,0,0,33,0,0,0,0,0,0,0,0,0,0,0,0,0,0,0,0,0,0,0,0,0,0,0,0,0,13,0,0,0,0,3,0,2,0,0,0,-109.28958907689719,-103.82906599729789,False
240,0,0,0,0,0,0,0,0,0,5,0,0,0,0,0,0,0,0,5,0,14,0,0,0,14,14,14,14,9,5,5,5,0,5,14,5,5,0,5,5,0,5,5,0,5,0,0,0,0,4,5,0,0,1,0,-630.4834808330215,-177.31863559638484,False
241,0,0,0,0,0,0,0,0,0,0,0,0,0,0,0,0,0,0,65,0,0,0,0,0,0,0,0,0,0,0,0,0,0,0,0,0,0,0,0,0,0,0,0,0,33,0,0,0,0,0,0,0,0,0,0,-190.95931525398842,-179.63420982324809,False
242,6,0,0,0,0,0,0,0,0,0,0,6,0,0,0,0,0,0,6,0,0,0,0,0,18,12,18,6,6,6,6,6,18,6,6,6,6,0,6,6,0,0,6,0,6,0,0,0,0,5,0,2,0,0,0,-658.6738089847578,-174.47532071543964,False
243,0,0,0,0,0,0,0,0,0,0,0,0,0,0,0,0,0,0,0,0,0,0,0,0,0,0,0,0,0,0,0,0,0,0,0,0,0,0,0,0,0,0,0,0,0,0,0,0,0,0,0,0,0,0,0,-111.38834380103528,-99.24975212529341,False
244,0,0,0,0,0,0,0,0,0,0,0,0,0,0,0,0,0,0,0,0,0,0,0,0,0,0,200,0,0,0,0,0,0,0,0,0,0,0,0,0,0,0,0,0,0,0,0,0,0,0,0,0,0,0,0,-inf,-453.643049761661,False
245,1,0,3,0,0,0,0,3,4,1,0,11,3,0,0,1,3,0,0,0,0,0,3,0,35,1,0,0,1,1,0,0,0,0,0,3,3,0,0,1,0,0,0,3,0,0,0,0,1,2,0,0,1,0,0,-285.24990940320816,-139.15610780297027,False
246,0,55,0,0,0,0,0,0,0,0,0,14,0,0,0,0,0,0,14,0,28,0,0,0,0,0,28,0,0,0,0,0,0,0,0,0,14,0,0,0,0,0,14,0,14,0,0,0,0,0,0,0,0,3,0,-511.1692435288874,-287.3037979589742,False
247,0,0,0,0,0,0,0,0,0,0,0,0,0,0,0,0,0,0,30,0,0,0,0,0,0,0,59,0,0,0,0,0,0,0,0,0,30,0,0,0,0,0,0,0,30,0,0,0,0,0,0,0,0,0,0,-641.7743061422937,-214.97646733336282,False
248,0,3,0,0,0,0,0,0,0,6,8,3,0,0,0,0,0,0,11,0,6,0,0,0,3,6,0,0,0,0,0,0,0,0,0,0,0,0,0,0,0,0,0,0,0,0,0,0,0,2,0,3,0,0,0,-114.02924336592037,-100.51422193990923,False
249,0,0,0,0,0,0,0,0,0,0,0,0,0,0,0,0,0,0,34,0,67,0,0,0,0,0,0,0,0,0,0,0,0,0,0,0,0,0,0,0,0,0,0,0,0,0,0,0,0,0,0,0,0,0,0,-134.02852575008876,-218.43080214243068,True
250,0,0,0,0,0,0,0,0,0,0,0,0,0,0,0,37,0,0,37,0,0,0,0,0,0,0,0,0,0,0,0,0,0,0,0,0,0,0,0,0,0,0,0,0,0,0,0,0,0,0,0,0,0,0,0,-131.93138228191052,-212.02858917469516,True
251,0,0,0,0,0,0,0,0,0,0,0,0,0,0,0,0,0,0,46,0,91,0,0,0,0,0,0,0,0,0,0,0,0,0,0,0,0,0,0,0,0,0,0,0,0,0,0,0,0,0,0,0,0,0,0,-182.21730014348523,-301.04723695437707,True
252,0,0,0,0,0,0,0,0,0,0,0,0,0,0,0,0,0,0,0,0,0,0,0,0,0,0,6,0,6,0,0,0,0,0,0,0,0,0,0,0,0,0,0,0,0,0,0,0,0,5,2,0,0,1,0,-182.5793925992333,-100.41677033801857,False
253,0,3,0,0,6,0,0,0,3,0,0,6,0,0,0,0,0,6,35,0,12,0,0,0,6,6,17,0,0,0,0,0,0,0,0,0,0,0,0,0,0,0,6,0,9,0,0,0,1,3,1,0,0,0,0,-245.81320249182917,-104.01958970285344,False
254,0,0,0,0,12,0,0,0,0,12,0,0,0,0,0,0,0,0,24,0,0,0,0,0,0,0,12,12,0,0,0,0,0,0,0,0,0,0,0,0,0,0,0,0,0,0,0,0,0,0,0,0,0,0,0,-200.90794229516888,-119.11671368700956,False
255,0,0,0,0,0,0,0,0,0,0,0,0,0,0,0,0,0,0,0,0,0,0,0,0,0,0,0,0,0,0,0,0,0,0,0,0,0,0,0,0,0,0,0,0,0,0,0,0,0,4,0,0,0,0,0,-113.1420259981766,-99.99978875186062,False
256,0,0,0,0,0,0,0,0,0,0,0,58,0,0,0,0,0,0,0,0,0,0,0,0,0,0,0,0,0,0,0,0,0,0,0,0,0,0,0,0,0,0,0,0,0,0,0,0,0,0,0,0,0,0,0,-189.3337617586353,-179.90990894765278,False
257,0,0,0,0,0,0,0,0,0,0,0,0,0,0,0,0,0,0,0,0,0,0,0,0,0,0,48,0,0,0,0,0,0,0,0,0,0,0,0,0,0,0,0,0,0,0,0,0,0,0,0,0,0,0,0,-421.90938013184876,-117.91655042596211,False
258,20,0,0,0,0,0,0,0,0,0,20,20,0,0,0,0,0,0,20,0,80,0,0,0,0,0,0,0,0,0,0,0,0,0,0,0,0,0,0,0,0,0,0,0,0,0,0,0,0,0,0,0,0,0,0,-229.49570160872756,-368.7703207878566,True
259,0,0,4,0,4,0,0,0,0,0,0,4,0,0,0,0,0,0,0,0,0,0,0,0,63,56,0,0,0,0,0,0,0,0,0,0,15,0,0,0,0,0,0,0,0,0,0,0,3,8,2,0,0,0,0,-767.4160354465236,-276.39547419824993,False
260,0,0,0,0,0,0,0,0,0,0,0,6,6,0,0,0,0,0,6,0,0,0,0,0,0,0,0,0,0,0,0,0,0,0,0,6,0,0,6,0,0,27,0,6,0,0,0,0,0,1,0,1,0,0,0,-303.6705897296925,-152.01368557481746,False
261,0,0,0,0,0,0,0,0,0,0,0,0,0,0,0,0,0,0,4,0,0,0,0,0,0,0,0,0,0,0,0,0,0,0,0,0,0,0,0,0,0,0,0,0,0,7,0,4,0,1,0,0,0,0,0,-139.85291692907796,-97.81879383178239,False
262,0,0,0,0,0,0,0,0,0,0,0,13,0,0,0,0,0,0,0,0,0,0,0,0,0,0,0,0,0,0,0,0,63,0,0,0,0,0,0,0,0,0,0,0,0,0,0,0,0,0,0,0,0,0,0,-420.1442192261123,-269.9452068850479,False
263,0,0,0,0,0,0,0,0,0,0,0,0,0,0,0,0,0,0,0,0,0,0,0,0,96,48,48,48,48,48,48,48,0,48,48,48,0,0,0,48,0,0,0,0,0,0,0,0,0,13,0,0,0,0,0,-3551.944249294181,-1503.7939530896222,False
264,0,4,2,0,2,1,0,0,0,0,0,3,0,0,3,0,0,3,9,0,3,0,0,0,5,5,0,0,0,0,0,0,0,0,0,0,2,0,0,0,48,0,1,0,1,58,0,0,14,1,0,1,0,0,0,-784.4377552994848,-386.9311986788678,False
265,1,0,2,0,3,1,0,2,0,1,0,12,1,2,0,0,6,0,0,6,1,0,4,0,33,0,0,0,0,0,0,0,1,0,0,2,2,0,0,0,0,0,0,1,0,0,0,0,1,2,0,0,1,0,0,-254.10335574519678,-157.95850914601982,False
266,0,0,0,0,7,0,0,0,0,7,0,0,0,0,7,0,0,0,7,0,0,0,0,0,28,28,21,21,7,7,7,7,0,7,21,7,7,0,7,7,0,0,7,7,7,0,0,0,0,9,7,0,0,0,0,-990.1600639508374,-317.1808277288537,False
267,0,0,5,0,5,2,0,0,0,0,0,16,2,0,0,0,3,0,2,0,2,0,0,0,32,0,2,0,13,5,0,0,0,0,0,6,3,0,2,0,0,0,2,0,2,0,0,0,1,1,1,0,0,0,0,-367.2007119310758,-134.2135639968867,False
268,0,0,0,0,0,0,0,0,0,0,0,48,0,0,0,0,0,0,0,0,0,0,0,0,0,0,0,0,0,0,0,0,0,0,0,0,0,0,0,0,0,0,0,0,0,0,0,0,0,0,0,8,0,0,0,-164.2701082557379,-165.94478044453484,True
269,0,0,0,0,4,0,0,0,0,7,0,0,0,0,0,0,0,0,7,0,4,0,0,0,77,27,0,0,0,0,0,0,4,0,0,0,14,0,0,0,24,4,0,4,0,0,0,0,4,6,2,0,0,0,0,-874.5184177783315,-299.8582144707499,False
270,0,0,0,0,0,0,0,0,0,0,0,11,0,0,0,0,0,0,11,0,0,0,0,0,32,11,0,0,0,0,0,0,0,0,0,0,11,0,22,0,0,0,0,0,0,0,0,0,0,2,0,2,0,0,0,-391.7936953476729,-150.74997912183204,False
271,0,0,0,0,0,0,0,0,0,0,0,0,0,0,0,0,0,0,0,0,0,0,0,0,0,0,0,0,0,0,0,0,0,0,0,0,0,0,0,0,0,37,0,0,0,0,0,0,0,0,0,6,0,0,0,-323.5503836914658,-174.28154399857308,False
272,0,0,0,0,0,0,0,0,0,0,0,0,0,0,0,0,0,0,91,0,0,0,0,0,0,0,91,0,0,0,0,0,0,0,0,0,0,0,0,0,0,0,0,0,91,0,0,0,0,0,0,0,0,0,0,-1054.8463081061211,-471.1290793797312,False
273,0,0,0,0,0,0,0,0,0,0,0,0,0,0,0,0,0,0,81,0,0,0,0,0,0,0,0,0,0,0,0,0,0,0,0,0,0,0,0,0,0,0,0,0,27,0,0,0,0,0,0,0,0,0,0,-191.0943491353725,-195.61173072155023,True
274,3,0,2,0,9,0,0,0,0,0,0,6,5,0,0,0,0,0,13,0,11,0,0,0,17,9,2,2,2,2,2,2,0,2,2,2,5,0,0,2,0,5,2,0,5,0,0,3,1,2,1,1,0,0,0,-294.295628352067,-99.34734454401136,False
275,0,0,12,0,0,0,0,0,0,0,0,24,0,0,0,0,0,35,0,0,12,0,0,0,24,12,0,12,0,12,12,0,0,0,12,12,0,0,12,0,0,0,0,0,0,0,0,0,0,2,0,2,0,0,0,-593.2827069652532,-311.9345745411831,False
276,0,0,12,0,0,0,0,0,0,0,0,0,0,0,0,0,0,12,0,0,12,0,0,0,48,24,0,12,0,12,12,0,0,0,12,12,0,0,0,0,0,0,0,0,0,0,0,0,0,3,0,3,0,2,0,-681.9549376209759,-264.2236697583064,False
277,0,0,0,0,0,0,0,0,0,0,0,0,0,0,0,0,0,0,24,0,11,0,0,0,7,17,11,4,0,7,0,0,0,0,4,0,4,0,0,0,11,0,4,0,11,11,0,0,0,2,0,0,0,0,0,-433.75198171546054,-123.60807701988887,False
278,0,0,7,0,0,0,0,0,0,0,0,0,0,0,0,0,0,0,7,0,0,0,0,0,0,0,0,0,0,0,0,0,0,0,0,0,0,0,0,0,0,0,0,0,0,0,0,0,0,6,0,3,0,0,0,-97.36351922066095,-97.0342500215183,False
279,0,0,0,0,0,0,0,0,0,0,0,0,0,0,0,0,0,0,0,0,53,0,0,0,0,0,0,0,0,0,0,0,0,0,0,0,0,0,0,0,0,0,0,0,53,0,0,0,0,0,0,0,0,0,0,-273.80533404538124,-263.9260559508185,False
280,0,0,0,0,0,0,0,0,0,0,0,0,0,0,0,0,0,0,0,0,0,0,0,0,0,0,0,0,0,0,0,0,0,0,0,0,0,0,0,0,0,0,0,0,0,0,0,0,0,0,0,0,0,0,0,-111.38834380103528,-99.24975212529341,False
281,0,0,0,0,0,0,7,0,0,0,0,0,0,0,0,0,0,0,34,0,7,0,0,0,0,0,7,0,0,0,0,0,0,0,0,0,0,0,0,0,0,0,0,0,14,0,0,0,0,0,0,0,0,0,0,-141.9369979828409,-118.62085858888184,False
282,4,0,4,0,6,0,0,0,0,0,0,2,0,0,0,0,0,2,6,0,2,0,0,0,14,0,0,4,0,0,0,0,6,0,4,0,2,0,0,0,0,0,0,0,4,2,0,0,0,2,0,0,0,0,0,-183.62643946117154,-86.8155603635646,False
283,1,1,1,0,4,1,0,0,0,1,0,4,1,0,0,1,1,0,9,1,7,0,0,1,15,4,0,1,0,3,1,0,0,0,1,2,3,0,4,0,0,0,0,0,1,0,0,2,1,2,0,1,1,1,0,-180.14003626041978,-83.62267656544527,False
284,0,0,0,0,0,0,0,0,0,0,0,10,0,0,0,20,0,0,39,0,0,0,0,0,0,0,29,0,0,0,0,0,0,0,0,0,10,0,0,0,0,0,0,0,10,0,0,0,4,0,0,2,0,0,0,-321.2887833997741,-162.38289525217488,False
285,0,0,16,0,11,0,0,0,0,0,0,0,0,0,0,0,0,0,0,0,0,0,0,0,11,0,0,0,0,22,0,0,0,0,16,0,6,0,0,0,0,0,0,0,0,0,0,0,0,3,0,0,0,0,0,-342.9104163706898,-181.91167579146648,False
286,0,0,0,0,0,0,0,0,0,0,0,14,0,0,0,14,0,0,0,0,0,0,0,0,0,0,0,0,0,0,0,0,0,0,0,0,14,0,14,0,0,0,0,0,0,0,0,0,0,0,0,0,0,0,0,-203.8777494817381,-164.98536341266967,False
287,1,0,2,0,1,1,0,0,4,0,0,2,0,0,1,0,0,1,2,0,1,0,0,0,5,6,1,0,0,0,0,0,2,0,0,0,4,0,0,0,0,0,0,0,0,0,0,1,3,2,1,0,1,0,0,-154.82658789936337,-94.10476319722628,False
288,0,0,0,0,48,0,0,0,0,0,0,0,0,0,0,0,0,0,0,0,0,0,0,0,0,0,0,0,48,0,0,0,0,0,0,0,0,0,0,0,0,48,0,0,0,0,0,0,0,0,0,0,0,0,0,-776.3638846804417,-426.0094727153204,False
289,0,0,8,0,0,0,0,0,0,0,0,0,0,0,0,0,0,8,0,0,0,0,0,0,30,19,0,19,0,8,8,0,0,0,15,8,4,0,0,0,0,0,4,0,0,0,0,0,0,2,1,1,0,0,0,-569.5743992003582,-209.53718635050336,False
290,0,0,10,0,0,0,0,0,0,0,0,10,0,0,0,0,0,0,19,0,10,0,0,0,15,10,0,0,0,5,0,0,0,0,0,0,0,0,0,0,0,0,0,0,0,0,0,0,0,0,0,0,0,0,0,-190.19527439004187,-92.85071332774034,False
291,0,0,0,0,0,0,0,0,0,0,0,0,0,0,0,0,0,0,59,0,0,0,0,0,0,0,0,0,0,0,0,0,0,0,0,0,0,0,0,0,0,0,0,0,0,0,0,0,0,0,0,0,0,0,0,-111.04595243610193,-132.8869632098429,True
292,0,0,3,0,3,0,0,0,0,0,0,21,0,0,0,0,0,0,0,0,0,0,0,0,0,0,0,0,0,0,0,0,0,0,0,0,6,0,0,0,0,0,0,0,0,0,0,0,0,2,0,0,0,0,0,-125.00196019046118,-109.29432620674615,False
293,0,0,0,0,0,0,0,0,0,0,0,0,0,0,0,0,0,0,0,0,0,0,0,0,0,0,52,0,0,0,0,0,0,0,0,26,26,0,0,0,0,0,0,0,26,0,0,26,0,0,0,4,0,0,0,-816.2701970616602,-317.65170475524565,False
294,1,0,5,0,2,1,0,0,6,0,0,2,0,0,0,0,0,1,2,0,2,0,0,0,7,7,1,0,0,0,0,0,12,0,0,0,9,1,0,0,0,0,0,0,0,0,0,0,3,2,1,0,1,0,0,-215.67581126085483,-119.12964003774894,False
295,0,0,0,0,0,0,0,0,0,0,0,0,0,0,0,0,0,0,0,0,0,0,0,0,0,0,50,0,0,0,0,0,0,0,0,0,0,0,0,0,0,0,0,0,0,0,0,0,0,0,0,0,0,0,0,-435.888018414588,-120.63519636214245,False
296,0,0,0,0,0,0,0,0,0,0,0,0,0,0,0,0,0,0,0,0,0,0,0,0,0,0,0,0,0,0,0,0,0,0,0,0,0,0,0,0,0,0,0,0,0,0,0,0,0,6,0,0,0,0,0,-115.82846558283018,-102.1856756836375,False
297,0,0,0,0,12,0,0,0,0,0,0,12,0,0,0,0,0,0,0,0,0,0,0,0,36,36,0,0,36,0,0,0,0,0,0,0,12,0,0,0,0,36,0,0,12,0,0,0,0,0,0,0,0,0,0,-936.1908688667319,-327.69259951849364,False
298,0,0,3,0,0,0,0,0,0,0,0,3,3,0,0,0,0,0,41,0,41,0,0,0,8,8,0,0,3,0,0,0,0,0,0,0,0,0,0,0,0,0,0,0,0,0,3,0,0,2,0,0,0,0,0,-180.52852100006393,-160.75106475365325,False
299,0,0,0,0,0,0,0,0,0,0,0,13,0,0,0,7,7,0,7,0,0,0,0,0,19,7,0,0,0,0,0,0,0,0,0,7,0,0,0,0,0,0,0,7,0,0,0,0,0,2,0,2,0,0,0,-235.02507816548953,-120.58168805752247,False
300,0,0,0,0,7,7,0,0,0,0,0,25,0,0,0,0,0,0,0,0,0,0,0,0,0,0,7,0,0,0,0,0,0,0,0,0,0,0,0,0,0,13,0,0,0,0,0,0,3,3,0,0,0,0,0,-234.6988229686198,-138.00267820047665,False
301,1,0,1,0,0,0,0,0,6,0,0,3,0,0,0,0,0,1,3,0,2,0,0,0,7,8,1,0,0,0,0,0,6,0,0,0,8,0,0,0,0,0,0,0,0,0,0,0,2,2,1,0,1,0,0,-189.60807742648436,-100.62638733524773,False
302,0,0,0,0,0,0,0,0,0,0,0,18,0,0,0,0,0,0,0,0,0,0,0,0,35,18,18,18,18,18,18,18,0,18,18,18,0,0,0,18,0,0,0,0,0,0,0,0,0,5,0,0,0,0,0,-1227.033472278585,-413.4635818840639,False
303,0,0,0,0,0,0,0,0,0,0,0,0,0,0,0,0,0,0,0,0,0,0,0,0,0,0,0,0,0,0,0,0,0,0,0,0,0,0,0,0,0,0,0,0,0,0,0,0,0,8,0,0,0,0,0,-119.1373467810193,-104.99484952774124,False
304,0,0,0,0,0,0,0,0,0,0,0,0,0,0,0,0,0,0,143,0,72,0,0,0,0,0,0,0,0,0,0,0,0,0,0,0,0,0,0,0,0,0,0,0,72,0,0,0,0,0,0,0,0,0,0,-495.8829153756598,-569.3462657757759,True
305,0,0,0,0,0,0,0,0,0,8,0,0,0,0,0,0,0,0,0,0,0,0,0,0,0,0,8,0,8,0,0,0,0,0,0,0,0,0,0,0,0,0,0,0,0,0,0,0,0,5,2,0,0,2,0,-207.67834788598753,-110.56263152791898,False
306,0,0,0,0,0,0,0,0,0,0,0,0,0,0,0,0,0,0,0,0,0,0,0,0,0,0,0,0,0,0,0,0,0,0,0,0,0,0,0,0,0,0,0,0,0,0,0,0,0,7,0,0,0,0,0,-117.41635448090544,-103.52360531046799,False
307,0,0,0,0,4,0,0,0,0,0,0,21,0,0,0,0,0,0,25,0,9,0,0,0,13,33,0,0,0,4,0,0,0,0,0,0,0,0,0,0,0,0,0,4,0,0,0,0,0,2,0,1,0,0,0,-319.6156691608995,-134.91675179444562,False
308,0,143,0,0,0,0,0,0,0,0,0,0,0,0,0,0,0,0,0,0,0,0,0,0,0,0,0,0,0,0,0,0,0,0,0,0,0,0,0,0,0,0,0,0,0,0,0,0,0,0,0,0,0,0,0,-598.090201928448,-543.1885948494411,False
309,1,0,4,0,2,0,0,1,1,0,2,7,0,0,0,1,2,1,6,0,8,0,0,0,20,5,0,0,0,2,2,0,0,0,1,0,2,0,0,0,0,1,0,0,0,0,0,3,1,1,0,0,1,1,0,-204.20667054596368,-92.65703708382225,False
310,0,143,0,0,0,0,0,0,0,0,0,0,0,0,0,0,0,0,0,0,0,0,0,0,0,0,0,0,0,0,0,0,0,0,0,0,0,0,0,0,0,0,0,0,0,0,0,0,0,0,0,0,0,0,0,-598.090201928448,-543.1885948494411,False
311,0,0,0,0,0,0,0,0,0,0,0,0,0,0,0,0,0,0,26,0,0,0,0,0,0,0,0,0,0,0,0,0,0,0,0,0,0,0,0,0,26,0,0,0,26,26,0,0,0,0,0,0,0,0,0,-438.93003476140376,-220.74195886152646,False
312,0,143,0,0,0,0,0,0,0,0,0,0,0,0,0,0,0,0,0,0,0,0,0,0,0,0,0,0,0,0,0,0,0,0,0,0,0,0,0,0,0,0,0,0,0,0,0,0,0,0,0,0,0,0,0,-598.090201928448,-543.1885948494411,False
313,0,143,0,0,0,0,0,0,0,0,0,0,0,0,0,0,0,0,0,0,0,0,0,0,0,0,0,0,0,0,0,0,0,0,0,0,0,0,0,0,0,0,0,0,0,0,0,0,0,0,0,0,0,0,0,-598.090201928448,-543.1885948494411,False
314,0,143,0,0,0,0,0,0,0,0,0,0,0,0,0,0,0,0,0,0,0,0,0,0,0,0,0,0,0,0,0,0,0,0,0,0,0,0,0,0,0,0,0,0,0,0,0,0,0,0,0,0,0,0,0,-598.090201928448,-543.1885948494411,False
315,0,3,0,0,3,0,0,0,0,5,0,3,0,17,0,0,0,0,12,0,0,0,0,0,5,0,3,0,0,0,3,0,0,0,3,0,0,0,0,0,0,0,0,0,0,0,0,0,0,0,0,0,2,0,0,-171.7136159166566,-126.7531823549278,False
316,0,0,0,0,0,0,0,0,0,0,0,0,0,0,0,0,0,0,0,0,10,0,0,0,10,10,10,20,0,10,0,0,0,0,10,0,0,0,0,0,0,0,0,0,0,0,0,0,0,3,0,0,0,0,0,-382.74717408673195,-130.9719760535181,False
317,0,0,0,0,0,0,0,0,3,0,0,3,0,19,0,0,3,0,6,0,10,0,0,0,0,0,16,0,0,0,0,0,0,0,0,0,0,0,0,0,0,13,0,0,0,0,16,0,0,1,0,0,0,3,0,-375.6720517493803,-225.05253335873033,False
318,0,0,0,0,15,0,0,0,0,0,0,0,0,0,0,0,0,0,30,0,0,0,0,0,59,0,15,0,0,15,0,0,0,0,15,0,0,0,0,0,0,0,0,0,0,0,0,0,0,0,0,0,0,0,0,-599.5510036352574,-198.6718264330847,False
319,0,0,0,0,0,0,0,0,0,0,0,0,0,0,0,0,0,0,31,0,0,0,0,0,0,0,0,0,0,0,0,0,0,0,31,0,0,0,0,0,0,0,0,0,0,0,0,0,0,0,0,5,0,0,0,-241.020658221834,-163.25173855115355,False
320,3,0,6,0,0,3,0,0,0,0,0,11,0,0,0,0,0,0,0,0,0,0,0,0,0,3,0,0,0,0,0,0,19,0,0,0,0,0,0,0,0,0,3,0,0,0,0,0,0,1,0,0,0,0,0,-198.1648404772389,-135.9420452558392,False
321,1,1,1,0,3,1,0,0,2,0,0,1,0,1,1,1,0,1,1,0,1,0,0,0,5,5,1,0,0,0,0,0,4,0,0,1,5,0,0,1,0,0,1,0,1,0,0,1,3,2,1,0,1,0,0,-162.20465498865272,-94.18381569377841,False
322,0,0,0,0,0,0,0,0,0,10,0,0,0,0,0,0,0,0,0,0,0,0,0,0,0,0,10,0,0,0,0,0,0,0,0,0,0,0,0,0,0,0,0,0,0,0,0,0,0,5,2,0,0,0,0,-176.4504748067334,-103.40385364621895,False
323,0,0,0,0,0,0,0,0,0,0,0,0,0,0,0,0,0,0,0,0,0,0,0,0,0,0,250,0,0,0,0,0,0,0,0,0,0,0,0,0,0,0,0,0,0,0,0,0,0,0,0,0,0,0,0,-inf,-597.0514461480741,False
324,0,0,0,0,0,0,0,0,0,0,0,0,0,0,0,0,0,0,0,0,22,0,0,0,22,0,0,43,0,0,0,0,22,0,22,0,0,0,0,0,0,0,0,0,22,0,0,0,0,8,0,0,0,0,0,-613.6412468767772,-304.31728340326816,False
325,0,0,0,0,0,0,0,0,0,0,0,0,0,0,0,0,0,0,0,0,0,0,0,0,0,0,59,59,0,59,0,0,0,0,59,0,0,0,0,0,59,0,0,0,0,59,0,0,0,8,0,0,0,0,0,-2146.341260000177,-914.4422871479371,False
326,8,0,0,0,4,0,0,0,0,4,0,0,0,0,0,0,0,0,8,0,4,0,0,4,0,0,4,0,0,0,0,0,0,0,0,0,0,0,0,0,0,0,0,4,0,0,0,0,1,2,0,0,0,0,0,-125.46288746882685,-105.06008062257217,False
327,0,0,0,0,17,0,0,0,0,0,0,0,0,0,0,0,0,0,50,0,0,0,0,0,0,0,0,0,0,0,0,0,0,0,0,0,0,0,0,0,0,0,0,0,0,0,0,0,0,0,0,0,0,0,0,-107.86903474041536,-141.65218723593065,True
328,0,0,0,0,0,0,0,0,0,0,0,6,0,0,0,0,0,0,11,0,6,0,0,0,16,11,16,11,6,6,6,6,0,6,11,6,0,0,0,6,0,0,0,0,6,0,0,0,0,3,0,0,0,5,0,-541.9812995606394,-141.52266953811457,False
329,0,0,0,0,0,0,0,0,0,0,0,0,0,0,0,0,0,0,0,0,0,0,0,0,0,0,0,0,0,0,0,0,0,0,0,0,0,0,0,0,0,0,0,0,0,0,0,0,0,10,0,0,0,0,0,-122.91897472867518,-108.27761433071575,False
330,0,0,0,0,0,0,0,0,0,0,0,0,0,0,0,0,0,0,0,0,0,0,0,0,0,0,0,0,0,0,0,0,0,0,0,0,0,0,0,0,0,0,0,0,143,0,0,0,0,0,0,0,0,0,0,-629.8123222991985,-461.6240497991922,False
331,8,2,5,0,10,2,2,0,0,30,2,9,0,0,0,0,0,3,9,0,2,0,0,0,0,0,0,0,0,0,0,0,0,0,0,0,0,0,0,2,0,0,0,0,0,0,0,0,0,1,0,0,0,1,0,-124.37004466502724,-176.79504294510383,True
332,0,0,0,0,0,0,0,0,0,0,0,0,0,0,0,0,0,0,0,0,0,0,0,0,0,0,0,0,0,0,0,0,0,0,0,0,14,0,14,0,14,0,14,0,14,14,0,0,3,0,3,0,0,0,0,-442.1347902625976,-218.25615907035714,False
333,0,0,0,0,0,0,0,0,0,0,0,0,0,0,0,0,0,0,0,0,0,0,0,0,26,26,26,0,0,0,0,0,0,0,0,0,0,0,0,0,0,0,0,0,26,0,0,0,0,0,0,0,0,0,0,-553.3335432251074,-144.81402860041615,False
334,0,0,5,0,0,0,0,0,0,0,0,5,0,0,0,0,0,0,0,0,0,0,5,0,15,20,0,0,15,15,0,0,0,0,0,0,15,0,0,0,0,0,0,5,0,0,0,0,0,0,0,2,1,0,0,-461.67761988159606,-183.27919537722832,False
335,0,0,0,0,0,0,0,0,0,0,0,0,0,0,0,0,0,0,0,0,0,0,0,0,0,0,0,0,0,0,0,0,0,0,0,0,0,0,0,0,0,0,0,0,0,0,0,0,0,0,28,0,0,0,0,-237.2000019258088,-201.1062754800474,False
336,0,0,0,0,0,0,0,0,0,0,0,0,0,0,0,0,0,0,0,0,0,0,0,0,0,0,0,0,0,0,0,0,0,0,0,0,0,0,0,0,0,0,0,0,0,0,0,0,0,0,0,0,0,0,0,-111.38834380103528,-99.24975212529341,False
337,0,0,0,0,0,0,0,0,0,0,0,48,0,0,0,0,0,0,0,0,0,0,0,0,0,0,48,0,0,0,0,0,0,0,0,0,0,0,0,0,0,0,0,48,0,0,0,0,0,7,0,0,0,0,0,-747.5454541461238,-306.6792066478887,False
338,1,0,1,0,0,0,0,0,8,0,0,3,0,0,0,0,0,1,4,0,3,0,0,0,9,10,1,0,0,0,0,0,3,0,0,0,0,0,0,0,0,0,0,0,0,0,0,0,2,2,1,0,1,0,0,-179.27991785639583,-98.27316991420875,False
339,0,0,0,0,0,0,0,0,0,0,0,0,0,0,0,0,0,0,0,0,0,0,0,0,56,28,28,28,0,28,0,0,0,0,0,0,0,0,0,0,0,0,0,0,0,0,0,0,0,0,0,0,0,0,0,-938.1949021109872,-273.23459111070093,False
340,0,0,0,0,0,0,0,0,0,0,0,15,0,0,0,0,7,0,15,0,15,0,0,0,0,0,7,0,0,0,7,0,0,0,0,0,0,0,0,22,0,0,0,0,0,0,0,0,0,3,1,0,0,0,0,-226.2130141609919,-161.8969572350572,False
341,0,0,0,0,0,0,0,0,0,0,0,0,0,0,0,0,0,0,0,0,0,0,0,0,0,0,0,0,0,0,0,0,0,0,0,0,0,0,0,0,0,0,0,0,0,0,0,0,0,0,0,0,0,0,0,-111.38834380103528,-99.24975212529341,False
342,0,0,0,0,0,0,0,0,0,0,0,0,0,0,0,0,0,0,0,0,0,0,0,0,0,0,27,0,0,0,0,0,0,0,0,0,0,0,0,0,0,0,0,0,0,0,0,0,0,5,0,0,0,0,0,-280.34530724784344,-96.93909835122226,False
343,0,0,0,0,0,0,0,0,0,0,0,0,0,0,0,0,0,0,0,0,0,0,0,0,0,0,0,0,0,0,0,0,0,0,0,0,0,0,0,0,0,39,0,0,0,0,0,0,0,0,0,0,8,0,0,-344.98280625754086,-199.0194146988262,False
344,0,0,0,0,0,0,0,0,0,6,0,24,0,0,0,6,0,0,18,0,35,0,0,0,0,6,0,0,0,0,0,0,0,0,0,0,0,0,0,0,0,0,0,6,0,0,0,0,0,2,0,1,0,0,0,-141.2007181040289,-156.0753100640703,True
345,0,0,0,0,0,0,0,0,0,0,0,0,14,0,0,0,0,14,29,0,0,0,0,0,0,0,0,0,0,0,0,0,0,0,0,0,0,0,0,0,0,0,0,0,0,0,0,0,0,0,0,0,0,0,0,-119.24908939169323,-152.14102546466304,True
346,0,0,0,0,0,0,0,0,0,0,0,0,0,0,0,0,0,0,0,0,0,0,0,0,0,0,0,0,0,0,0,0,0,0,0,0,0,0,0,0,0,0,0,0,56,0,0,0,0,0,0,0,0,0,0,-264.5508933072891,-190.48732354432772,False
347,12,36,0,0,0,0,0,0,0,12,0,12,0,0,0,0,0,36,24,0,36,0,0,0,36,24,0,0,0,0,0,0,0,0,0,0,0,0,0,12,0,0,0,0,0,0,0,0,0,0,0,5,0,0,0,-533.3798798621729,-391.0804830052795,False
348,0,0,0,0,0,0,0,0,0,0,0,17,0,0,0,0,5,0,0,5,0,0,0,0,0,0,0,0,0,0,0,0,0,0,0,5,0,0,0,0,0,0,0,9,0,0,0,0,0,1,0,0,0,0,0,-162.40180303787324,-140.7184108498578,False
349,0,0,0,0,0,0,0,0,0,0,0,0,0,0,0,0,0,0,0,0,0,0,0,0,77,39,39,39,39,39,39,39,0,39,39,39,0,0,0,39,0,0,0,0,0,0,0,0,0,11,0,0,0,0,0,-2824.8186757933277,-1137.7740405092898,False
350,0,0,0,0,0,0,0,0,0,20,0,0,0,0,0,0,0,20,20,0,0,0,0,0,0,0,0,20,0,0,0,0,0,0,0,0,0,0,0,0,0,0,0,0,0,0,0,0,0,4,0,0,0,0,0,-200.1194014307196,-193.60735623576798,False
351,0,0,0,0,0,0,0,0,0,0,0,14,0,0,0,0,7,0,14,0,14,0,0,0,0,0,7,0,0,0,7,0,0,0,0,0,0,0,0,22,0,0,0,0,0,0,0,0,0,3,1,0,0,0,0,-225.63107564957224,-159.54321702192175,False
352,0,0,0,0,0,0,0,0,0,0,0,0,0,0,0,0,0,0,31,0,0,0,0,0,0,0,31,0,0,0,0,0,0,0,0,0,0,0,0,0,0,0,0,0,31,0,0,0,0,0,0,0,0,0,0,-353.07764437438124,-130.60032404865373,False
353,0,0,0,0,0,0,0,0,0,0,0,0,0,0,0,0,0,0,0,0,0,0,0,0,0,0,0,0,0,0,0,0,0,0,0,0,0,0,0,0,0,0,0,0,0,0,0,0,0,10,0,0,0,0,0,-122.91897472867518,-108.27761433071575,False
354,0,0,0,0,0,0,0,0,0,0,0,0,0,0,0,0,0,0,0,0,0,0,0,9,13,5,0,0,0,0,0,0,0,0,0,0,0,0,0,0,0,0,0,0,9,0,0,0,4,8,0,0,0,0,0,-205.27125187548017,-128.97635013509287,False
355,0,0,3,0,0,0,0,3,0,3,0,0,0,0,0,0,0,3,0,0,0,0,0,0,3,3,0,5,0,0,0,0,3,0,3,0,3,0,0,0,0,0,0,0,0,0,0,0,0,2,0,0,0,0,0,-153.64821071558598,-98.56187097724656,False
356,0,0,0,0,0,0,0,0,0,0,0,7,0,0,0,0,0,0,7,0,0,0,0,0,0,0,7,0,0,0,0,0,0,0,0,0,0,0,0,0,0,0,0,0,7,0,0,0,0,3,0,0,0,0,0,-137.83904409318887,-75.48091270239463,False
357,0,0,0,0,0,0,0,0,0,0,0,0,0,0,0,0,0,0,22,0,0,0,0,0,55,66,22,11,11,11,11,11,0,11,11,11,0,0,11,11,0,0,0,0,11,0,0,0,0,5,0,0,0,0,0,-1339.1856597245517,-400.4838251515367,False
358,0,0,0,0,0,0,0,0,0,0,0,0,0,0,0,0,0,0,0,0,0,0,0,0,0,0,143,0,0,0,0,0,0,0,0,0,0,0,0,0,0,0,0,0,0,0,0,0,0,0,0,0,0,0,0,-inf,-305.64522683790267,False
359,0,0,0,0,0,0,0,0,0,0,0,0,0,0,0,0,0,0,0,0,0,0,0,0,0,0,143,0,0,0,0,0,0,0,0,0,0,0,0,0,0,0,0,0,0,0,0,0,0,0,0,0,0,0,0,-inf,-305.64522683790267,False
360,0,0,0,0,0,0,0,0,0,0,0,0,0,0,0,0,0,0,0,0,0,0,0,0,0,0,0,0,0,0,0,0,0,0,0,0,0,0,0,0,0,0,0,0,0,0,0,0,0,0,0,0,0,0,0,-111.38834380103528,-99.24975212529341,False
361,0,0,0,0,0,0,0,0,0,0,0,0,0,0,0,0,0,0,0,0,0,0,0,0,0,0,0,0,0,0,0,0,0,0,0,0,0,0,0,0,0,0,0,0,0,0,0,0,0,0,0,0,0,0,0,-111.38834380103528,-99.24975212529341,False
362,0,0,0,0,0,0,0,0,0,0,0,0,0,0,0,0,0,0,0,0,0,0,0,0,0,0,200,0,0,0,0,0,0,0,0,0,0,0,0,0,0,0,0,0,0,0,0,0,0,0,0,0,0,0,0,-inf,-453.643049761661,False
363,0,0,0,0,0,0,0,0,0,0,0,0,0,0,0,0,0,0,0,0,0,0,0,0,0,0,200,0,0,0,0,0,0,0,0,0,0,0,0,0,0,0,0,0,0,0,0,0,0,0,0,0,0,0,0,-inf,-453.643049761661,False
364,0,0,0,0,0,0,0,0,0,0,0,0,0,0,0,0,0,0,0,0,0,0,0,0,0,0,200,0,0,0,0,0,0,0,0,0,0,0,0,0,0,0,0,0,0,0,0,0,0,0,0,0,0,0,0,-inf,-453.643049761661,False
365,0,0,0,0,0,0,0,0,0,0,0,0,0,0,0,0,0,0,0,0,0,0,0,0,0,0,200,0,0,0,0,0,0,0,0,0,0,0,0,0,0,0,0,0,0,0,0,0,0,0,0,0,0,0,0,-inf,-453.643049761661,False
366,0,0,0,0,0,0,0,0,0,0,0,0,0,0,0,0,0,0,0,0,0,0,0,0,0,0,200,0,0,0,0,0,0,0,0,0,0,0,0,0,0,0,0,0,0,0,0,0,0,0,0,0,0,0,0,-inf,-453.643049761661,False
367,0,0,0,0,0,0,0,0,0,0,0,0,0,0,0,0,0,0,0,0,0,0,0,0,0,0,200,0,0,0,0,0,0,0,0,0,0,0,0,0,0,0,0,0,0,0,0,0,0,0,0,0,0,0,0,-inf,-453.643049761661,False
368,0,0,0,0,0,0,0,0,0,0,0,0,0,0,0,0,0,0,0,0,0,0,0,0,0,0,0,0,0,0,0,0,0,0,0,0,0,0,0,0,0,0,0,0,0,0,0,0,0,0,0,0,0,0,0,-111.38834380103528,-99.24975212529341,False
369,0,0,0,0,0,0,0,0,0,0,0,53,0,0,0,0,0,0,0,0,0,0,0,0,27,27,0,0,53,0,0,0,0,0,0,0,0,0,0,0,0,79,0,0,0,0,0,0,0,0,0,0,0,0,0,-1270.7706820375224,-538.2345999960745,False
370,0,0,0,0,0,0,0,0,0,0,0,0,0,0,0,0,0,0,0,0,0,0,0,0,0,0,0,0,0,0,0,0,0,0,0,0,0,0,0,0,0,0,0,0,0,0,0,0,0,9,0,18,0,0,0,-126.79422599987576,-138.42721529203436,True
371,0,0,0,0,0,0,0,0,8,0,0,0,0,0,0,0,0,0,16,0,0,0,0,0,0,0,0,0,0,0,0,0,0,0,0,0,0,0,0,0,0,0,0,0,8,0,0,0,0,3,0,0,0,0,0,-106.47116387625171,-105.46438764642295,False
372,0,0,0,0,0,0,0,0,0,0,0,0,0,0,0,0,0,0,0,0,0,0,0,0,0,0,0,0,0,0,0,0,0,0,0,0,0,0,0,0,0,0,0,0,0,0,0,0,0,0,0,0,0,0,0,-111.38834380103528,-99.24975212529341,False
373,13,0,0,0,0,0,0,0,0,13,0,13,0,0,0,0,0,13,26,0,0,0,0,0,0,0,0,26,0,0,0,0,0,0,0,0,0,0,0,0,13,0,0,0,13,26,0,0,0,0,0,0,0,0,0,-438.1371251688618,-264.5620902252422,False
374,1,0,0,0,0,1,0,6,0,1,0,19,1,1,0,1,3,0,0,0,0,0,0,0,32,0,0,0,0,0,0,0,0,0,0,1,1,0,0,0,0,0,0,1,0,0,0,0,1,2,0,1,1,0,0,-254.3382517139303,-133.86858640430574,False
375,0,0,0,0,0,0,0,7,0,13,0,0,0,0,0,0,0,4,4,0,7,0,0,0,49,43,4,0,0,7,0,0,0,0,0,0,17,0,0,0,10,0,0,0,7,0,0,0,2,6,2,0,0,0,0,-733.175973470101,-261.0685717097535,False
376,0,0,0,0,0,59,0,0,0,0,0,0,0,0,0,0,0,0,0,0,0,0,0,0,0,0,0,0,0,0,0,0,0,0,0,0,0,0,0,0,0,0,0,0,0,0,0,0,0,0,0,0,0,0,0,-259.3942312038877,-326.3773128417831,True
377,0,0,15,0,0,0,0,0,0,0,0,15,0,0,0,0,0,0,15,0,0,0,0,0,0,0,0,0,0,0,0,0,0,0,0,0,0,0,0,0,0,15,0,0,0,0,0,0,0,3,0,3,0,0,0,-174.4877434881478,-124.3769271240369,False
378,0,3,0,0,0,0,0,0,0,0,0,20,0,0,0,0,3,0,14,0,0,0,0,0,9,6,0,0,0,9,0,0,0,0,0,0,0,0,0,0,0,0,0,3,0,0,0,0,2,0,0,0,0,0,0,-198.7343135296399,-100.71048589842317,False
379,0,0,0,0,17,0,0,0,0,0,0,8,8,0,0,8,0,0,8,0,0,0,0,0,17,17,0,0,0,0,0,0,0,0,0,0,8,0,8,0,0,0,0,0,0,0,0,0,0,0,2,0,0,0,0,-289.8181602513545,-154.86750799560414,False
380,0,0,0,0,0,0,0,5,0,0,0,13,5,0,0,0,5,0,0,0,0,0,0,0,26,0,0,0,2,0,0,0,2,0,0,3,3,2,0,0,0,0,0,0,0,0,0,2,1,3,0,0,1,0,0,-259.3203797633357,-134.39298706303236,False
381,0,0,0,0,0,0,0,40,0,7,0,0,0,0,0,0,0,0,0,0,0,0,0,0,0,0,0,0,0,0,0,0,0,0,0,0,14,0,0,0,20,0,0,0,7,20,0,0,2,2,0,0,0,0,0,-454.84449800426347,-331.4159109850934,False
382,0,0,14,0,14,0,0,0,0,0,0,0,0,0,0,0,0,0,0,0,14,0,0,0,80,80,0,0,0,0,0,0,0,0,0,0,14,40,14,0,0,40,0,0,0,0,0,0,9,0,3,0,0,0,0,-1538.4339839084503,-697.9199906609338,False
383,6,0,0,0,0,0,0,0,0,6,0,0,0,0,0,0,0,0,0,0,0,0,0,0,12,6,17,6,6,6,6,6,0,6,6,6,6,0,6,6,0,0,6,0,6,0,0,0,0,4,1,0,0,0,0,-547.2943943964808,-154.4209412926615,False
384,0,0,7,0,7,0,0,0,0,0,0,13,0,0,0,0,0,0,7,0,7,0,0,0,16,16,4,0,0,0,0,0,16,0,0,0,4,0,4,0,0,10,0,0,7,0,0,7,2,2,2,0,1,0,0,-402.8981154701769,-139.82209565993446,False
385,0,0,0,0,0,0,0,0,0,0,0,0,7,0,0,7,0,0,19,0,7,0,0,0,13,7,0,0,0,0,0,0,0,0,0,0,13,0,13,0,0,0,13,0,0,0,0,0,9,2,4,0,0,0,0,-323.339189404371,-184.67064807684636,False
386,12,0,0,0,0,12,0,0,0,0,0,0,0,0,0,0,0,0,0,0,0,0,0,0,0,0,12,0,0,0,0,0,0,0,0,0,0,0,0,0,0,0,0,0,12,0,0,0,0,0,0,3,0,0,0,-218.33199438142228,-143.6897682681835,False
387,0,0,0,0,0,0,0,0,0,0,0,0,0,0,0,0,0,0,0,0,0,0,0,0,0,0,12,0,0,0,0,0,0,0,0,0,0,0,0,0,0,0,0,24,12,0,0,0,0,4,0,0,0,0,0,-315.1814838111639,-139.8488680794952,False
388,0,0,0,0,0,0,0,0,0,0,0,0,0,0,0,0,0,0,18,0,0,0,0,0,35,35,0,0,0,0,0,0,0,0,18,0,0,0,0,0,0,0,0,0,0,0,0,0,0,0,0,0,0,0,0,-499.40278417024746,-171.8111698219291,False
389,0,0,0,0,0,0,0,0,0,15,0,0,0,0,0,0,0,0,15,0,15,0,0,0,29,15,44,15,15,15,15,15,0,15,15,15,0,0,0,15,0,0,0,0,15,0,0,0,0,5,0,0,0,0,0,-1206.3151607257537,-369.5499646631257,False
390,0,0,0,0,0,0,0,0,0,0,0,0,0,0,0,0,0,0,0,0,0,0,0,0,0,0,0,0,0,0,0,0,0,0,0,0,0,0,0,0,0,0,0,0,0,0,0,0,0,0,0,0,0,0,0,-111.38834380103528,-99.24975212529341,False
391,0,0,3,0,7,0,0,0,0,0,0,0,0,0,0,0,3,0,10,0,3,0,0,0,25,7,0,0,0,0,0,0,0,0,0,0,3,16,0,0,0,0,7,13,0,0,0,0,4,1,1,0,1,0,0,-379.2065673983668,-187.0202928688794,False
392,0,0,0,0,0,0,0,0,0,0,0,0,0,0,0,0,0,0,21,0,0,0,0,0,0,0,0,0,0,0,0,0,0,0,0,0,0,0,0,0,0,0,0,0,0,0,0,0,0,0,0,0,0,0,0,-90.97572762744353,-90.93324012754485,False
393,0,0,0,0,0,0,0,0,0,8,0,0,0,0,0,0,0,0,0,0,0,0,0,0,22,15,0,15,0,0,0,0,0,0,0,8,8,0,8,0,0,0,8,0,8,0,0,0,0,5,2,0,0,0,0,-421.5576722517448,-166.29994382567403,False
394,0,0,0,0,0,35,0,0,0,0,0,0,0,35,0,0,0,0,0,0,69,0,0,0,0,0,35,0,0,0,0,0,0,0,0,0,0,0,0,0,0,0,0,0,0,0,0,0,0,6,0,0,0,0,0,-546.9279840151183,-465.4318382776173,False
395,0,0,0,0,0,0,0,0,0,0,0,0,0,0,0,0,0,0,0,0,0,0,0,0,0,0,0,0,0,0,0,0,0,0,0,0,0,0,19,0,0,0,19,0,0,0,0,0,0,7,0,0,0,0,0,-276.8253845613788,-182.5351440893427,False
396,0,12,0,0,0,0,0,0,0,0,0,0,0,0,0,0,0,0,12,0,0,0,0,0,0,0,12,0,0,0,0,0,12,0,0,0,0,0,0,0,0,0,0,0,12,0,0,0,2,4,0,0,0,0,0,-236.91790124255735,-106.9253405861116,False
397,0,0,0,0,0,0,0,0,0,0,0,24,0,0,0,0,0,0,24,0,0,0,0,0,0,0,0,0,0,0,0,0,0,0,0,0,0,0,0,0,0,0,0,0,0,0,0,0,3,3,0,0,0,0,0,-109.42623783417311,-109.4831236090169,True
398,0,0,9,0,0,2,0,0,0,0,2,18,2,0,0,2,7,6,2,0,2,0,0,0,13,6,0,4,2,0,0,0,0,0,4,0,2,0,0,2,0,6,0,0,2,0,0,4,1,1,0,0,0,0,0,-251.2088061417124,-129.61899316227678,False
399,0,0,8,0,0,0,0,0,0,0,0,0,0,0,0,0,0,0,16,0,0,0,0,0,24,16,0,8,0,0,0,0,16,0,8,0,0,0,0,0,0,0,0,0,8,0,0,0,0,4,2,0,0,0,0,-384.768328437304,-139.91534613559512,False
400,0,0,0,0,0,0,0,0,0,0,0,0,0,0,0,0,0,0,0,0,0,0,0,0,60,40,0,0,0,0,0,0,0,0,0,0,10,0,0,0,0,10,0,0,0,0,0,10,4,0,2,0,0,0,0,-740.4487677308008,-250.4035251583755,False
401,0,0,26,0,0,0,0,0,0,0,0,0,0,0,0,0,0,0,0,0,0,0,0,0,0,0,0,0,0,0,0,0,0,0,0,0,0,0,0,0,0,52,0,0,0,0,0,0,0,0,0,0,0,0,0,-449.58648844362307,-255.6261674067467,False
402,0,0,0,0,0,0,0,0,0,0,0,0,0,0,0,0,0,0,0,0,0,0,0,0,87,44,44,44,44,44,44,44,0,44,44,44,0,0,0,44,0,0,0,0,0,0,0,0,0,12,0,0,0,0,0,-3223.270207190079,-1336.6358282594545,False
403,0,0,0,0,0,0,0,0,0,0,0,0,0,0,0,0,0,0,56,0,28,0,0,0,0,0,0,0,0,0,0,0,0,0,0,0,0,0,0,0,0,0,0,0,0,0,0,0,0,0,0,0,0,0,0,-102.14828719618781,-154.44825162273006,True
404,0,0,0,0,0,0,0,0,0,0,0,0,0,0,0,0,0,0,0,0,0,0,0,0,0,0,0,0,0,0,0,0,0,0,0,0,0,0,0,0,0,0,0,0,0,0,0,0,0,0,0,0,0,0,0,-111.38834380103528,-99.24975212529341,False
405,0,0,0,0,0,0,0,0,0,0,0,0,0,0,0,0,0,0,13,0,13,0,0,0,0,0,0,0,0,0,0,0,0,0,0,0,0,0,0,0,0,0,0,0,0,13,0,0,0,3,0,0,0,0,0,-127.4251035057679,-99.90069369191725,False
406,0,0,0,0,0,0,0,0,0,0,0,0,0,0,0,0,0,0,0,0,0,0,0,0,0,0,0,0,0,0,0,0,0,0,0,0,0,0,0,0,0,0,0,0,0,0,0,0,0,10,0,10,0,0,0,-121.04069349651063,-120.86556839570454,False
407,6,0,0,0,0,0,0,0,0,0,0,22,6,0,0,0,0,0,39,0,6,0,0,0,0,0,0,0,0,0,0,0,0,0,0,0,6,0,0,0,0,0,0,0,11,0,0,0,0,3,0,4,0,0,0,-126.08096004644533,-136.90582649305702,True
408,0,0,0,0,0,0,0,0,0,0,0,0,0,0,0,0,0,0,22,0,0,0,0,0,0,0,0,0,0,0,0,0,0,0,0,0,0,0,0,0,0,22,0,0,0,22,0,0,0,4,0,0,0,0,0,-299.31914523709116,-147.4634148718135,False
409,0,0,0,0,0,0,0,0,0,0,0,36,0,0,0,0,0,0,0,0,0,0,0,0,0,0,0,0,0,0,0,0,0,0,0,0,0,0,0,0,0,0,0,0,0,0,0,0,0,5,0,0,0,0,0,-146.52795676060458,-134.80716360258643,False
410,0,0,0,0,0,0,0,0,0,0,0,0,0,0,0,0,0,0,22,0,0,0,0,0,0,0,0,0,0,0,0,0,0,0,0,0,0,0,0,0,0,0,0,0,0,22,0,0,0,0,0,8,0,0,0,-174.56587370325116,-124.27078739208528,False
411,0,0,0,0,0,0,0,0,0,10,0,0,0,0,0,0,0,0,29,0,10,0,0,0,0,0,0,0,0,0,0,0,0,0,0,0,0,0,0,0,0,0,0,0,10,0,0,0,2,2,0,0,0,0,0,-97.40778658789016,-107.9202982957107,True
412,0,0,0,0,0,0,0,0,0,0,0,0,0,0,0,0,0,0,30,0,0,0,0,0,0,0,0,0,0,0,0,0,0,0,0,0,0,0,0,0,0,0,0,0,0,59,0,0,0,0,0,0,0,0,0,-375.28643312117305,-216.51985559179573,False
413,0,0,6,0,0,11,0,0,0,6,0,16,0,0,0,0,0,0,37,0,6,0,0,0,0,0,0,0,0,0,0,0,0,0,0,0,0,0,0,0,0,0,0,0,0,11,0,0,0,0,0,1,0,0,0,-130.3759386070303,-140.7938297650612,True
414,0,0,16,0,0,0,0,0,0,0,0,0,0,0,0,0,0,0,32,0,48,0,0,0,0,0,0,0,0,0,0,0,0,0,0,0,0,0,0,0,0,0,0,0,0,0,0,0,0,0,0,0,0,0,0,-113.62217799253703,-186.35637214551642,True
415,0,0,0,0,0,0,0,0,0,5,0,0,5,0,0,0,0,0,36,0,5,0,0,0,0,0,0,0,0,0,0,0,0,0,0,0,0,0,0,0,0,0,0,0,5,5,0,0,0,0,0,0,0,0,0,-103.6048643320987,-105.80919866009036,True
416,0,0,0,0,0,0,0,0,0,6,0,0,6,0,0,0,0,0,55,0,17,0,0,0,0,0,0,0,0,0,0,0,0,0,0,0,0,0,0,0,0,0,0,6,17,6,0,0,0,1,0,0,0,0,0,-166.432508586502,-160.2930544271633,False
417,2,0,2,0,0,0,0,0,1,0,0,1,2,0,0,1,0,1,36,0,13,0,0,0,0,0,0,0,0,0,0,0,0,0,0,0,0,0,0,0,0,0,0,0,2,0,0,0,1,2,0,1,0,0,0,-74.08503108452,-104.72118498862041,True
418,0,0,0,0,0,0,0,0,0,0,0,0,0,0,0,0,0,0,16,0,8,0,0,0,0,0,0,0,0,0,0,0,0,0,0,0,0,0,0,0,0,0,0,8,8,8,0,0,0,0,0,0,0,0,0,-146.45882138606055,-96.76889311136286,False
419,0,0,6,0,0,6,0,0,0,6,0,0,6,0,0,0,0,0,22,0,6,0,0,0,0,0,0,0,0,0,0,0,0,0,0,0,0,0,0,0,0,0,0,0,11,0,0,0,0,2,0,0,0,0,0,-99.00794385727723,-115.35554642530283,True
420,7,0,7,0,0,0,0,0,0,0,0,0,0,0,0,0,0,0,29,0,0,0,0,0,0,0,0,0,0,0,0,0,0,0,0,0,0,0,0,0,0,0,0,0,15,15,0,0,0,0,0,2,0,0,0,-169.4399004288417,-127.22716052435678,False
421,0,0,15,0,8,0,0,0,0,0,0,8,15,0,0,8,0,0,15,0,8,0,0,0,0,0,0,0,0,0,0,0,0,0,0,0,0,0,0,0,0,0,0,0,8,0,0,0,0,2,0,5,0,0,0,-104.06369691790508,-154.11086050592183,True
422,0,0,13,0,7,0,0,0,0,0,0,13,0,0,0,19,0,0,44,0,0,0,0,13,0,0,0,0,0,0,0,0,0,0,0,0,0,0,0,0,0,0,0,0,0,0,0,0,0,4,0,0,2,2,0,-119.79060095823318,-224.66257541624842,True
423,0,0,0,0,0,0,0,0,0,0,0,0,0,0,0,0,0,0,84,0,0,0,0,0,0,0,0,0,0,0,0,0,0,0,0,0,0,0,0,0,0,0,0,0,0,0,0,0,0,0,0,0,0,0,0,-139.47069382860604,-175.7054533627244,True
424,0,6,6,0,0,16,0,0,0,0,0,0,0,0,0,6,0,6,11,0,6,0,0,0,0,0,0,0,6,0,0,0,0,0,0,0,0,0,0,0,0,6,0,6,0,0,0,0,0,1,0,2,0,0,0,-181.96828132592188,-156.6228333842149,False
425,0,0,0,0,0,0,0,0,0,0,0,13,0,0,0,0,0,0,26,0,26,0,0,0,0,0,0,0,0,0,0,0,0,0,0,0,0,0,7,0,0,0,0,0,7,0,0,0,0,0,0,0,0,0,0,-112.76257161378753,-121.7012251199435,True
426,0,11,0,0,0,0,0,0,0,11,0,33,0,0,0,0,0,0,55,0,0,0,0,0,0,0,0,0,0,0,0,0,0,0,0,0,0,0,0,0,0,0,0,0,11,0,0,0,0,0,0,2,0,0,0,-159.86951056543253,-176.31797663149376,True
427,0,14,14,0,0,0,0,0,0,14,0,0,0,0,0,0,0,0,27,0,0,0,0,0,0,0,0,0,0,0,0,0,0,0,0,0,0,0,0,0,0,0,0,0,14,0,0,0,0,3,0,0,0,0,0,-141.59533953553654,-144.57723899129402,True
428,0,0,0,0,0,0,0,0,0,7,0,21,0,0,0,0,0,0,42,0,7,0,0,0,14,35,0,14,7,7,0,0,0,0,7,14,0,0,0,0,0,0,0,0,0,0,0,0,0,3,0,0,1,0,0,-497.9011401072675,-208.33523042410388,False
429,0,0,0,0,0,0,0,0,0,0,0,0,0,0,0,0,0,0,48,0,0,0,0,0,0,0,0,0,0,0,0,0,0,0,0,0,0,0,0,0,0,0,0,0,48,0,0,0,0,0,0,0,0,0,0,-225.96989822322104,-188.33301093763546,False
430,0,0,4,0,1,0,0,0,0,0,0,0,1,0,0,0,0,2,43,0,14,0,0,0,0,0,0,0,0,0,0,0,0,0,0,0,0,0,0,0,0,0,0,0,1,10,0,0,1,2,0,2,0,0,0,-110.61090521581201,-118.45747156599535,True
431,0,0,0,0,0,0,0,0,0,0,0,0,0,0,0,0,0,0,4,0,0,23,0,0,0,0,0,0,0,0,0,0,0,0,0,0,0,0,0,0,0,0,0,0,0,4,0,0,31,1,0,1,0,3,0,-258.37043248662445,-258.27807792290594,False
432,0,0,0,0,0,0,0,0,0,0,0,34,0,0,0,0,0,0,34,0,0,0,0,0,0,0,0,0,0,0,0,0,0,0,0,0,0,0,0,0,0,0,34,0,34,0,0,0,0,0,0,0,0,0,0,-360.3843549100123,-268.6301491056676,False
433,0,0,0,0,0,0,0,0,0,13,0,0,0,0,0,0,0,0,26,0,0,0,0,0,0,0,0,0,0,0,0,0,0,0,0,0,0,0,13,0,0,0,0,0,0,0,0,0,0,0,0,3,0,0,0,-143.24760136842113,-129.4377282129674,False
434,0,0,0,0,0,0,0,0,0,0,0,10,0,0,0,0,0,0,60,0,0,0,0,0,0,0,0,0,0,0,0,0,0,0,0,0,0,0,0,0,0,0,0,0,10,0,0,0,2,0,0,8,0,0,0,-121.30077047868036,-143.29068912706674,True
435,0,0,3,0,6,0,0,0,0,0,0,0,0,0,0,0,0,6,16,0,16,0,0,0,0,0,0,0,0,0,0,0,0,0,0,6,0,0,0,3,0,0,0,0,3,0,0,0,8,2,0,1,1,0,0,-108.9698289090044,-124.08224986841371,True
436,0,16,12,0,0,0,0,0,0,24,0,8,0,0,0,0,0,0,4,0,0,63,0,0,0,0,0,0,0,0,0,0,0,0,0,0,0,0,0,0,0,0,0,0,0,0,0,0,12,3,0,3,0,1,0,-326.2649139123006,-433.4508347415455,True
437,0,0,19,0,0,0,0,0,0,0,0,9,9,0,0,0,0,0,46,0,28,0,0,0,0,0,0,0,0,0,0,0,0,0,0,0,0,0,0,0,0,0,0,0,0,0,0,0,0,0,0,2,0,0,0,-108.70560664976763,-179.24234543997505,True
438,0,0,0,0,0,0,0,0,0,0,0,0,0,0,0,11,0,0,0,0,0,0,0,0,0,0,0,0,0,0,0,0,0,0,0,0,0,0,0,0,0,0,0,0,0,11,0,0,0,4,0,4,2,0,0,-144.56903056434166,-131.80714992481273,False
439,0,0,18,0,0,0,0,0,0,0,0,26,0,0,0,0,0,0,26,0,0,0,0,0,0,0,0,0,0,0,0,0,0,0,0,0,0,0,9,0,9,26,0,0,9,0,0,0,0,4,0,10,0,0,0,-367.15621741051626,-213.4020543609243,False
440,0,0,11,0,0,0,0,0,0,0,0,0,0,0,0,0,0,0,50,0,11,0,0,0,0,0,0,0,0,0,0,0,0,0,0,0,0,0,0,0,0,0,0,0,0,0,0,0,0,7,0,7,0,0,0,-95.63416081967546,-141.07683236611174,True
441,10,0,10,0,0,0,0,0,0,0,0,0,0,0,0,0,0,0,20,0,0,0,0,0,0,0,0,0,0,0,0,0,0,0,0,0,0,0,0,0,0,0,0,0,20,30,0,0,0,0,0,2,0,0,0,-260.93178630467963,-170.1792424348625,False
442,0,0,0,0,0,0,0,0,0,0,0,0,0,0,0,9,0,0,25,0,0,0,0,0,0,0,0,0,0,0,0,0,0,0,0,0,9,0,0,0,0,9,0,0,9,9,0,0,0,0,0,0,0,0,0,-189.94940367161456,-122.68489067954704,False
443,0,4,4,0,0,0,0,0,0,4,0,0,4,0,0,7,0,4,48,0,7,0,0,0,0,0,0,0,0,0,0,0,0,0,0,0,0,0,0,0,0,0,0,0,7,0,0,0,0,3,0,1,0,1,0,-89.78758938159119,-133.60709077336423,True
444,0,0,0,0,5,0,0,0,0,0,0,0,0,0,0,0,0,5,22,0,9,0,0,0,0,0,0,0,0,0,0,0,0,0,0,0,0,0,0,0,0,0,0,9,9,5,0,0,0,1,0,0,0,0,0,-135.38090087663488,-105.62146849895784,False
445,3,0,3,0,0,0,0,0,0,0,0,3,6,0,0,0,0,0,31,0,16,0,0,0,0,0,0,0,0,0,0,0,0,0,0,0,0,0,0,0,6,0,0,0,13,0,0,0,1,2,0,1,0,0,0,-139.127779334838,-124.5249033975336,False
446,2,2,2,0,9,2,0,2,0,0,0,5,2,0,0,0,0,0,24,0,7,0,0,0,0,0,0,0,0,0,0,0,0,0,0,0,0,0,0,0,0,0,0,2,4,2,0,0,1,1,0,0,0,0,0,-83.0333670113595,-94.70805767905394,True
447,0,0,5,0,0,5,0,0,0,0,0,0,5,0,0,0,0,0,27,0,9,0,0,0,9,0,0,0,0,0,0,0,0,0,0,5,0,0,0,0,5,0,0,0,5,0,0,0,0,1,0,2,0,0,0,-156.6464652249452,-109.8645751405969,False
448,0,0,0,0,0,0,0,0,0,0,0,0,0,0,0,0,0,0,63,0,42,0,0,0,0,0,0,0,0,0,0,0,0,0,0,0,0,0,0,0,0,0,0,0,0,0,0,0,4,4,0,0,0,0,0,-131.35177402321236,-200.11412617988125,True
449,0,0,0,0,0,0,0,0,0,0,0,0,0,0,0,3,0,0,44,0,6,0,0,0,0,0,0,0,3,0,0,0,0,0,0,0,0,0,0,0,0,0,0,0,6,0,0,0,1,2,0,0,0,0,0,-106.9197970082179,-110.40184423463565,True
450,8,0,0,0,0,0,0,0,0,0,0,8,0,0,0,0,0,0,24,0,8,0,0,0,0,8,0,0,0,0,0,0,0,0,0,0,0,0,0,0,0,0,0,8,0,0,0,0,0,0,0,0,0,0,0,-146.11054844858288,-107.48043158286465,False
451,0,0,0,0,0,0,0,0,0,0,0,0,0,0,0,0,0,0,25,0,0,0,0,0,0,0,0,0,0,0,0,0,0,0,0,0,9,0,0,0,0,0,0,0,0,25,0,0,0,4,0,0,5,2,0,-215.70559337354783,-147.06939412451476,False
452,1,0,5,0,0,3,0,0,0,1,0,0,2,0,0,1,2,6,14,0,4,0,0,0,0,0,0,0,0,0,0,0,0,0,0,0,0,0,0,0,0,0,0,0,4,31,0,0,1,1,0,0,1,0,0,-210.26081671441773,-143.5840514304607,False
453,0,0,0,0,0,0,0,0,0,53,0,0,0,0,0,0,0,0,53,0,0,0,0,0,0,0,0,0,0,0,0,0,0,0,0,0,0,0,0,0,0,0,0,0,0,0,0,0,0,0,0,0,0,0,0,-197.09711760576315,-254.69735443788525,True
454,0,0,5,0,0,0,0,0,0,0,0,0,3,0,0,3,0,3,22,0,5,0,0,0,0,0,0,0,0,0,0,0,0,0,0,0,0,0,0,0,3,3,0,0,5,3,0,0,0,1,1,1,0,0,0,-118.51982104122469,-95.76125061154805,False
455,0,0,0,0,0,0,0,0,0,0,0,0,0,0,0,0,0,0,0,0,0,0,0,0,0,0,0,0,0,0,0,0,0,0,0,0,0,0,0,0,0,0,0,0,0,0,0,0,0,0,0,0,0,0,0,-111.38834380103528,-99.24975212529341,False
456,0,0,0,0,0,0,0,0,0,0,0,0,0,0,0,0,0,0,0,0,0,0,0,0,0,0,0,0,0,0,0,0,0,0,0,0,0,0,0,0,0,0,0,0,0,32,0,0,0,0,0,0,0,0,0,-247.88363815449776,-145.49746547048753,False
457,0,0,0,0,0,0,0,0,0,0,0,5,11,0,0,5,0,5,26,0,5,0,0,0,0,0,0,0,0,0,0,0,0,0,0,0,0,0,0,0,0,5,0,0,5,5,0,0,0,1,0,0,1,0,0,-124.07944626646415,-118.85833247908188,False
458,0,0,0,0,0,0,0,0,0,0,0,0,0,0,0,0,0,0,0,0,0,0,0,0,0,0,0,0,0,0,0,0,0,0,0,0,0,0,0,0,48,0,0,0,0,48,0,0,0,0,0,0,0,0,0,-684.4249656270306,-344.3280523191214,False
459,0,0,0,0,0,0,0,0,0,0,0,6,0,0,0,6,0,0,29,0,6,6,0,0,0,0,0,0,0,0,0,0,0,0,0,0,0,0,0,0,0,0,0,0,0,6,0,0,0,2,0,0,0,1,0,-93.81277564117492,-110.14066948496769,True
460,0,0,7,0,0,0,0,0,0,0,0,0,7,0,0,0,0,0,46,0,7,0,0,0,0,0,0,0,0,0,0,0,0,0,0,0,0,0,0,0,0,0,0,0,20,7,0,0,0,0,0,2,0,0,0,-147.81947207384545,-141.45550541768597,False
