,make,address,all,3d,our,over,remove,internet,order,mail,receive,will,people,report,addresses,free,business,email,you,credit,your,font,000,money,hp,hpl,george,650,lab,labs,telnet,857,data,415,85,technology,1999,parts,pm,direct,cs,meeting,original,project,re,edu,table,conference,;,(,[,!,$,#,Y,Y_star_1,Y_star_0,y_hat_1,P(Y=1),P(Y=0)
0,0,7,7,0,4,0,0,0,0,0,0,7,0,0,0,4,0,13,20,0,10,0,0,0,0,0,0,0,0,0,0,0,0,0,0,0,0,0,0,0,0,0,0,0,0,0,0,0,0,0,0,8,0,0,1,-75.4293342745933,-128.48079249297427,True,1.0,9.121041649117667e-24
1,0,0,0,0,0,0,10,0,0,20,10,0,0,0,0,0,0,10,39,0,10,0,0,0,0,0,0,0,0,0,0,0,0,0,0,0,0,0,0,10,0,0,0,0,0,0,0,0,0,0,0,5,0,0,1,-140.5641298857838,-239.4864300951607,True,1.0,1.09292631261276e-43
2,0,0,0,0,0,0,0,0,0,0,0,0,0,0,0,0,0,0,0,0,0,0,0,0,0,0,0,0,0,0,0,0,0,0,0,0,0,0,0,0,0,0,0,0,0,0,0,0,0,8,0,8,0,0,1,-116.15669104839766,-113.58876202194372,False,0.07123119252102868,0.9287688074789713
3,12,0,0,0,0,0,0,0,0,0,0,12,0,0,0,0,12,0,36,0,0,0,0,0,0,0,0,0,0,0,0,0,0,0,0,0,0,0,0,0,0,0,0,0,12,0,0,0,0,0,0,9,0,0,1,-127.7572847396425,-164.94667400572547,True,0.9999999999999999,7.06079262346367e-17
4,3,0,0,0,7,10,0,25,0,0,0,3,16,0,0,0,0,3,28,0,7,0,3,7,0,0,0,0,0,0,0,0,0,0,0,0,3,0,0,0,0,0,0,0,0,0,0,0,0,1,0,3,3,0,1,-145.0673941464156,-272.539579659674,True,1.0,4.360469322783624e-56
5,0,20,0,0,20,0,0,0,0,0,0,20,0,0,0,0,0,0,20,0,39,0,0,0,0,0,0,0,0,0,0,0,0,0,0,0,0,0,0,0,0,0,0,0,0,0,0,0,0,0,0,0,0,0,1,-141.136335891552,-200.20599367265802,True,1.0,2.2201053211962752e-26
6,0,6,0,0,0,0,6,0,0,6,0,6,0,0,0,0,0,12,18,0,0,0,0,0,0,0,0,0,0,0,0,0,0,0,0,0,0,0,0,0,0,0,0,0,0,0,0,0,0,3,0,0,0,0,1,-95.86310884976443,-130.31701963106278,True,0.9999999999999989,1.08857076777513e-15
7,0,0,0,0,13,0,26,13,13,13,13,13,0,0,0,0,51,0,26,13,38,0,0,0,0,0,0,0,0,0,0,0,0,0,0,0,0,0,0,0,0,0,0,0,0,0,0,0,0,0,0,6,0,0,1,-285.09057474661523,-636.0567862668106,True,1.0,3.778426706935857e-153
8,0,0,0,0,0,0,0,0,0,0,0,0,0,0,0,0,0,0,56,0,12,0,0,0,0,0,0,0,0,0,0,0,0,0,0,0,0,0,0,0,0,0,0,0,0,0,0,0,0,0,0,15,0,0,1,-98.96188627483083,-154.56599166079383,True,1.0,7.103033447199929e-25
9,0,6,12,0,23,0,12,0,0,0,0,6,6,0,0,6,28,0,40,0,17,0,0,0,0,0,0,0,0,0,0,0,0,0,0,0,0,0,0,0,0,0,0,0,0,0,0,0,0,3,0,11,4,0,1,-144.30725684269382,-331.9189153920155,True,1.0,3.3211764620227365e-82
10,0,0,0,0,43,0,7,0,0,0,0,0,0,0,0,29,0,0,50,0,15,0,0,0,0,0,0,0,0,0,0,0,0,0,0,0,0,0,0,0,0,0,0,0,0,0,0,0,0,0,0,4,0,0,1,-160.0947882299854,-321.4826170182231,True,1.0,8.131234965827575e-71
11,0,0,0,0,0,0,25,0,0,0,0,0,0,0,0,25,0,0,0,0,0,0,0,0,0,0,0,0,0,0,0,0,0,0,0,0,0,0,0,0,0,0,0,0,0,0,0,0,0,0,0,20,0,0,1,-167.50454988312455,-312.9131115316137,True,1.0,7.077242136875848e-64
12,1,3,4,0,1,1,0,1,1,0,0,3,2,0,1,0,0,5,16,3,8,0,2,2,1,1,0,0,0,0,0,0,0,0,0,0,0,0,0,0,0,0,0,1,1,0,0,0,0,1,0,1,2,0,1,-70.84840801653375,-110.72944687846967,True,1.0,4.785032476153955e-18
13,0,0,4,0,8,0,4,0,0,12,0,0,0,0,0,4,8,0,31,0,16,0,4,0,0,0,0,0,0,0,0,0,0,0,0,0,0,0,0,0,0,0,0,0,12,0,0,0,0,3,0,6,2,0,1,-88.57793733693298,-179.66043771356897,True,1.0,2.77570104223512e-40
14,10,0,4,0,7,7,0,0,0,0,0,4,7,0,0,7,7,0,24,0,4,0,17,4,0,0,0,0,0,0,0,0,0,0,0,0,0,0,0,0,0,0,0,0,0,0,0,0,0,1,0,2,6,0,1,-107.75408098049341,-255.66157448493266,True,1.0,5.815562652910087e-65
15,4,0,4,0,0,4,0,0,0,0,0,4,8,0,0,0,12,8,32,0,12,0,0,16,0,0,0,0,0,0,0,0,0,0,0,0,0,0,0,0,0,0,0,0,0,0,0,0,0,0,0,3,0,0,1,-105.89889762522085,-217.1650843343898,True,1.0,4.761119585095233e-49
16,0,0,0,0,5,0,0,0,0,7,0,0,0,0,0,5,0,3,3,0,5,68,0,0,3,3,0,0,0,0,0,0,0,0,0,0,0,0,0,0,0,0,0,0,0,0,0,0,0,0,1,2,2,2,1,-266.83651393443336,-377.31565884412936,True,1.0,1.0459646336386295e-48
17,6,0,24,0,3,0,3,0,6,0,3,0,0,0,0,8,0,0,14,0,11,0,0,6,0,0,0,0,0,0,0,0,3,0,0,3,3,0,6,0,0,0,0,0,0,0,0,0,0,7,0,4,0,0,1,-140.54107039307303,-200.85209658449912,True,1.0,6.415848897594031e-27
18,4,3,3,0,1,5,1,3,1,15,4,6,10,0,2,1,0,0,31,0,8,2,4,4,0,0,0,0,0,0,0,0,0,0,0,0,0,0,0,0,0,0,0,0,2,0,0,0,0,1,0,3,3,2,1,-89.44561548446707,-197.1975478753841,True,1.0,1.5993015133998173e-47
19,0,12,6,0,6,6,12,12,0,0,6,23,0,0,0,23,0,12,23,0,29,0,6,0,0,0,0,0,0,0,0,0,0,0,0,0,0,0,0,0,0,0,0,0,0,0,0,0,0,0,0,0,0,0,1,-148.41602732019047,-346.85361576593243,True,1.0,6.6016171697620865e-87
20,0,6,6,0,22,0,11,0,0,0,0,6,6,0,0,6,33,0,39,0,17,0,0,0,0,0,0,0,0,0,0,0,0,0,0,0,0,0,0,0,0,0,0,0,0,0,0,0,0,3,0,11,4,0,1,-148.00307526149746,-334.905359879331,True,1.0,6.751015970309171e-82
21,4,5,3,0,1,5,1,3,1,17,4,6,10,0,2,1,0,0,30,0,10,0,4,4,0,0,0,0,0,0,0,0,0,0,0,0,0,0,0,0,0,0,0,0,2,0,0,0,0,1,0,3,3,1,1,-93.46430101299931,-199.37693334992724,True,1.0,1.0063017135703809e-46
22,5,0,5,0,0,0,0,5,0,0,0,14,0,0,24,0,5,5,28,0,24,0,14,0,0,0,0,0,0,0,0,0,0,0,0,0,0,0,0,5,0,0,0,0,0,0,0,0,0,5,0,1,9,0,1,-161.30545880517906,-348.037552949988,True,1.0,8.003536293539035e-82
23,0,0,2,0,4,0,2,0,5,0,2,0,0,0,0,5,0,15,7,0,0,0,0,0,4,0,0,0,0,0,0,0,0,0,0,0,0,0,0,0,0,0,0,0,0,0,0,0,0,1,0,9,8,1,1,-111.1852686229335,-170.78640882822663,True,1.0,1.3048292803372394e-26
24,0,0,0,0,0,0,0,0,0,0,0,0,0,0,0,11,0,0,0,0,21,0,0,0,0,0,0,0,0,0,0,0,0,0,0,0,0,0,0,0,0,0,0,11,0,0,0,0,0,0,0,19,0,0,1,-154.74132933692175,-182.26167766276572,True,0.9999999999988829,1.1170293439714085e-12
25,0,0,0,0,0,0,0,0,0,0,0,0,0,0,0,0,0,0,4,0,4,0,0,0,36,4,0,0,0,4,0,0,0,0,0,0,0,0,0,0,0,0,0,4,4,0,0,0,0,0,0,0,0,0,1,-296.66089186855464,-103.36733849598924,False,1.1315568625205765e-84,1.0
26,0,0,4,0,10,10,4,4,0,0,0,4,4,0,0,4,4,0,20,0,33,0,0,4,0,0,0,0,0,0,0,0,0,0,0,0,0,0,0,0,0,0,0,0,4,0,0,0,0,2,0,0,2,1,1,-86.1348757657376,-198.51331120559482,True,1.0,1.5655451732586572e-49
27,2,2,3,0,0,0,0,0,12,3,2,6,0,0,0,2,0,2,24,2,9,0,0,5,0,0,0,0,0,0,0,0,0,0,0,0,0,3,0,0,0,0,0,0,0,0,0,0,0,3,0,3,2,2,1,-86.8548918067917,-157.38412507301734,True,1.0,2.3417642928741553e-31
28,0,17,0,0,0,0,33,0,0,0,0,0,0,0,0,17,17,0,0,0,17,0,0,0,0,0,0,0,0,0,0,0,0,0,0,0,17,0,0,0,0,0,0,0,0,0,0,0,0,4,0,6,2,2,1,-239.02400310692667,-397.53641676708605,True,1.0,1.4418943306035353e-69
29,0,0,0,0,0,0,54,0,0,0,0,0,0,0,0,54,0,9,18,0,9,0,0,0,0,0,0,0,0,0,0,0,0,0,0,0,0,0,0,0,0,0,0,0,0,0,0,0,0,0,0,9,3,0,1,-260.3751426676959,-575.2759096017577,True,1.0,1.7391401181794695e-137
30,4,0,4,0,4,7,4,15,0,0,4,11,0,0,0,7,11,0,53,29,29,0,0,0,0,0,0,0,0,0,0,0,0,0,0,0,0,0,0,0,0,0,0,0,4,0,0,0,0,0,0,5,0,0,1,-164.16401563396752,-405.8416877826423,True,1.0,1.0982989960311118e-105
31,0,0,9,0,5,0,0,0,0,0,0,0,0,0,0,5,0,0,22,0,13,0,0,0,0,0,0,0,0,0,0,0,0,0,0,0,0,0,0,0,0,0,0,0,5,0,0,0,0,2,0,12,0,0,1,-74.12827783958072,-121.89725321346823,True,1.0,1.7955503542529068e-21
32,0,0,4,0,7,7,4,4,0,0,0,4,4,0,0,4,4,0,23,0,33,0,0,4,0,0,0,0,0,0,0,0,0,0,0,0,0,0,0,0,0,0,0,0,4,0,0,0,0,2,0,0,2,0,1,-79.73049425565937,-185.49624544814804,True,1.0,1.1655150417414001e-46
33,0,0,16,0,0,0,0,0,0,0,16,0,0,0,0,0,0,0,31,0,0,0,0,0,0,0,0,0,0,0,0,0,0,0,0,0,0,0,0,0,0,0,0,0,16,0,0,0,0,0,0,15,0,0,1,-153.41519878673762,-201.06279363568547,True,1.0,2.0272741428354797e-21
34,0,0,4,0,7,7,4,4,0,0,0,4,4,0,0,4,4,0,23,0,33,0,0,4,0,0,0,0,0,0,0,0,0,0,0,0,0,0,0,0,0,0,0,0,4,0,0,0,0,2,0,0,2,0,1,-79.73049425565937,-185.49624544814804,True,1.0,1.1655150417414001e-46
35,0,0,8,0,4,0,0,0,0,0,0,8,0,0,0,4,8,0,11,0,15,4,4,0,0,0,0,0,0,0,0,0,0,0,0,0,0,0,0,4,0,0,0,0,0,0,0,0,0,0,0,7,2,0,1,-74.45300983052807,-149.40331284193195,True,1.0,2.815120472777307e-33
36,0,0,0,0,0,0,0,0,0,0,0,0,0,0,0,0,0,0,0,0,0,0,0,0,0,0,0,0,0,0,0,0,0,0,0,0,0,0,0,0,0,0,0,0,0,0,0,0,0,0,0,50,0,0,1,-174.84076596917038,-234.83700922806798,True,1.0,8.789468574814592e-27
37,0,1,1,0,1,0,0,1,0,4,0,1,0,0,0,1,1,4,1,2,2,0,0,0,1,0,0,0,0,0,0,0,0,0,0,0,0,0,0,0,0,0,0,0,0,0,0,0,0,1,0,2,1,1,1,-88.19699715759863,-102.17255214422273,True,0.9999991478947958,8.52105204116801e-07
38,6,0,4,0,15,0,0,0,3,14,8,26,6,0,0,6,3,0,45,0,18,0,8,10,0,0,0,0,0,0,0,0,0,0,0,0,0,0,0,0,0,0,0,0,2,0,0,0,0,1,0,2,3,0,1,-128.19092553960266,-294.92009869432155,True,1.0,3.894396144683657e-73
39,0,0,5,0,5,5,5,0,0,10,0,0,0,0,0,0,10,0,34,0,10,0,0,0,0,0,0,0,0,0,0,0,0,0,0,0,0,0,0,0,0,0,0,0,0,0,0,0,0,2,0,2,0,0,1,-80.83246980573988,-158.01532100617572,True,1.0,3.019351162234667e-34
40,0,0,0,0,10,0,10,0,0,0,10,0,0,0,0,0,0,0,29,0,29,0,0,0,0,0,0,0,0,0,0,0,0,0,0,0,0,0,0,0,0,0,0,0,0,0,0,0,0,2,0,7,0,0,1,-98.07517327448562,-204.9429028974674,True,1.0,3.8719944952745666e-47
41,1,1,8,0,9,11,3,2,6,1,2,6,2,0,23,3,1,10,17,2,5,0,9,1,0,0,0,0,0,0,0,0,0,0,0,0,0,0,0,1,0,0,2,1,1,1,0,0,0,1,0,4,2,1,1,-139.55905628303992,-316.0218698758701,True,1.0,2.307670485127935e-77
42,0,0,0,0,0,7,0,14,7,7,0,0,0,0,0,7,28,7,14,35,14,0,0,0,0,0,0,0,0,0,0,0,0,0,0,0,0,0,0,7,0,0,0,0,0,0,0,0,0,0,0,12,6,0,1,-219.06099286469,-484.7787292231189,True,1.0,3.983394833172607e-116
43,0,0,8,0,8,0,5,5,0,11,0,3,16,0,8,0,0,16,21,0,16,0,8,0,0,0,0,0,0,0,0,0,0,0,0,0,0,0,0,5,0,0,0,0,0,0,0,0,0,1,0,5,5,0,1,-128.72594751927832,-288.91846588817765,True,1.0,2.6870344235132344e-70
44,0,0,0,0,0,0,0,11,0,0,0,0,0,0,0,0,0,0,0,0,0,0,11,0,0,0,0,0,0,0,0,0,0,0,0,0,0,0,0,0,0,0,0,0,11,0,0,0,0,2,0,2,4,0,1,-138.0634921533254,-181.42905910145151,True,1.0,1.467484658894824e-19
45,4,4,4,0,0,0,4,0,4,4,4,4,0,0,0,10,0,0,4,0,26,0,0,4,0,0,0,0,0,0,0,0,0,0,0,4,0,0,19,0,0,0,0,0,0,0,0,0,0,8,0,9,1,1,1,-178.9819762308963,-225.5875587947715,True,1.0,5.747151777252123e-21
46,0,0,0,0,0,0,10,0,0,10,0,10,0,0,0,0,0,0,31,0,0,15,0,0,0,0,0,0,0,0,0,0,0,0,0,0,0,0,0,0,0,0,0,0,0,0,0,0,0,0,0,2,0,0,1,-109.39335864101108,-182.01581836634256,True,1.0,2.8871309278332195e-32
47,0,0,0,0,0,0,0,0,0,0,0,0,0,0,0,0,0,0,44,0,0,0,0,0,0,0,0,0,0,0,0,0,0,0,0,0,0,0,0,0,0,0,0,0,0,0,0,0,0,0,0,59,0,0,1,-183.01489937874607,-281.2857401585004,True,1.0,2.096602587108068e-43
48,0,0,5,0,9,7,2,0,2,7,5,13,2,0,0,7,0,0,29,31,13,0,0,2,0,0,0,0,0,0,0,0,0,0,0,0,0,0,0,0,0,0,0,0,0,0,0,0,1,1,0,9,1,0,1,-128.14106299784314,-324.77865989931666,True,1.0,3.9937118873091836e-86
49,0,0,0,0,11,21,11,0,0,0,0,0,0,0,0,0,0,0,32,0,11,0,21,0,0,0,0,0,0,0,0,0,0,0,0,0,0,0,0,0,0,0,0,0,0,0,0,0,0,0,0,2,2,0,1,-140.24623725717467,-312.70637998370654,True,1.0,1.2633150373612526e-75
50,0,0,0,0,0,0,0,0,0,0,0,0,0,0,0,0,0,0,0,0,0,0,0,0,0,0,0,0,0,0,0,0,0,0,0,0,0,0,0,0,0,0,0,0,0,0,0,0,0,0,0,0,0,0,1,-111.38834380103528,-99.24975212529341,False,5.349020891298992e-06,0.9999946509791087
51,4,3,6,0,2,2,2,2,0,4,1,10,5,1,1,0,0,5,38,0,17,0,5,6,1,1,0,0,0,0,0,0,0,0,0,0,0,0,0,0,0,0,1,0,0,0,0,0,0,2,0,6,5,1,1,-79.74007741909502,-191.51840537008832,True,1.0,2.852915933267221e-49
52,0,0,0,0,0,13,0,7,0,0,0,0,0,0,0,0,0,0,39,0,7,0,0,0,0,0,0,0,0,0,0,0,0,0,0,0,0,0,0,0,0,0,0,0,0,0,0,0,0,0,0,12,2,0,1,-101.97624360407838,-171.89681842158694,True,1.0,4.304078516209629e-31
53,0,0,2,0,4,2,0,0,0,0,0,0,0,0,0,0,7,4,25,2,7,45,7,0,0,0,0,0,0,0,0,0,0,0,0,0,0,0,0,0,0,0,0,0,2,0,0,0,0,0,0,4,3,5,1,-167.84262701782473,-320.6923249193919,True,1.0,4.151639552169683e-67
54,0,6,3,0,0,0,6,0,0,6,3,6,3,0,0,15,3,0,20,0,12,0,0,0,0,0,0,0,0,0,0,0,0,0,0,0,0,0,0,0,0,0,0,0,3,0,0,0,0,2,0,2,0,2,1,-76.61058538447841,-157.2169035160055,True,1.0,9.842849143513991e-36
55,0,0,4,0,4,0,4,0,0,0,0,0,4,0,0,0,0,0,21,0,4,0,0,0,0,0,0,0,0,0,0,0,0,0,0,0,0,0,0,0,0,0,0,0,4,0,0,0,0,0,0,2,0,0,1,-76.90815652644113,-103.04023682349154,True,0.999999999995523,4.476944662897612e-12
56,0,0,5,0,15,0,0,0,5,0,0,0,0,2,0,7,4,0,9,0,5,0,0,0,0,0,0,0,0,0,0,0,0,0,0,2,0,0,0,0,0,0,0,0,2,0,0,0,0,2,0,7,0,0,1,-85.33445930919032,-136.02239369348314,True,1.0,9.694151393805669e-23
57,0,0,0,0,0,0,0,0,0,0,0,0,0,0,0,0,0,0,26,64,0,13,0,0,0,0,0,0,0,0,0,0,0,0,0,0,0,0,0,0,0,0,0,0,0,0,0,0,0,0,0,7,0,5,1,-261.9571526282815,-497.7912391357364,True,1.0,3.7892877433997205e-103
58,2,2,2,0,6,3,3,2,11,3,0,10,3,0,2,0,0,0,39,2,28,0,2,6,0,0,0,0,0,0,0,0,0,0,0,0,0,0,0,2,0,0,0,0,0,0,0,0,0,1,0,14,2,0,1,-90.47492480480588,-235.9361838549095,True,1.0,6.713946308071073e-64
59,0,6,0,0,0,0,11,0,0,6,6,6,0,0,0,22,0,6,33,0,11,0,0,0,0,0,0,0,0,0,0,0,0,0,0,0,0,0,0,0,0,0,0,0,6,0,0,0,0,0,0,4,0,0,1,-102.16324655513948,-218.9756808640937,True,1.0,1.857823114465627e-51
60,5,4,5,0,1,2,1,3,5,8,3,11,6,13,0,3,4,0,33,0,15,0,11,4,0,0,0,0,0,0,0,0,0,0,0,0,0,0,0,0,0,0,0,0,1,0,0,0,0,1,0,4,7,2,1,-109.82741269529829,-267.3096752271128,True,1.0,4.039451376172819e-69
61,2,3,2,0,5,5,0,2,11,16,2,4,3,2,22,0,5,2,36,0,13,0,5,5,0,0,0,0,0,0,0,0,0,0,0,0,0,0,0,2,0,0,0,0,5,0,0,0,1,2,0,3,2,0,1,-141.92350975040998,-312.69383649616304,True,1.0,6.845251695687741e-75
62,0,0,0,0,0,0,0,0,0,0,0,0,0,0,0,0,0,0,21,0,0,89,14,0,0,0,0,0,0,0,0,0,0,0,0,0,0,0,0,0,0,0,0,0,0,0,0,0,0,0,0,2,0,12,1,-359.8539728710347,-563.4490223178842,True,1.0,3.800086499959799e-89
63,1,1,8,0,7,3,4,1,15,9,1,5,0,0,0,1,0,11,24,5,21,0,0,3,0,0,0,0,0,0,0,0,0,0,1,0,0,0,1,0,0,0,0,0,0,0,0,0,0,0,3,10,4,1,1,-103.4223377487342,-247.28233341982278,True,1.0,3.3296433213047474e-63
64,5,0,9,0,5,14,5,0,0,0,0,0,0,0,0,0,0,5,18,0,22,0,22,0,0,0,0,0,0,0,0,0,0,0,0,0,0,0,0,0,0,0,0,0,0,0,0,0,3,0,0,5,4,0,1,-124.13891399422187,-292.6370722665068,True,1.0,6.640176930377097e-74
65,0,5,0,0,5,0,9,0,13,9,0,13,0,0,0,0,0,0,5,0,0,0,0,0,0,0,0,0,0,0,0,0,0,0,0,0,5,0,0,0,0,0,0,0,0,0,0,0,1,2,0,0,1,0,1,-126.86397058980549,-170.04195157382924,True,1.0,1.7702765598147426e-19
66,0,0,0,0,0,0,11,0,0,0,0,11,0,0,0,0,11,0,37,0,21,0,0,0,0,0,0,0,0,0,0,0,0,0,0,0,0,0,0,0,0,0,0,0,0,0,0,0,1,3,0,7,1,1,1,-92.1368449321131,-192.57946716877032,True,1.0,2.38959012418841e-44
67,0,0,13,0,0,13,0,0,0,0,0,0,0,0,0,26,0,0,13,0,13,13,26,0,0,0,0,0,0,0,0,0,0,0,0,0,0,0,0,0,0,0,0,0,0,0,0,0,0,5,0,11,0,5,1,-172.03434351110224,-387.5656738210587,True,1.0,2.4884709149984894e-94
68,9,2,6,0,0,4,0,1,3,5,4,14,9,17,0,4,6,3,35,3,14,0,4,9,0,0,0,0,0,0,0,0,0,0,0,0,0,0,0,0,0,0,0,1,1,0,1,0,1,1,0,7,2,2,1,-136.25170734525517,-288.73463417230886,True,1.0,5.991096218902153e-67
69,0,8,3,0,0,0,0,5,0,5,3,8,0,0,0,15,0,15,43,0,46,0,0,0,0,0,0,0,0,0,0,0,0,0,0,0,0,0,0,0,0,0,0,0,0,0,0,0,1,2,0,0,0,0,1,-122.991217794687,-251.48552200783936,True,1.0,1.5690353354755095e-56
70,1,1,8,0,6,2,2,1,15,9,1,6,0,0,0,1,0,11,22,5,19,0,0,3,0,0,0,0,0,0,0,0,0,0,1,0,0,0,1,0,0,0,0,0,0,0,0,0,0,0,3,10,4,1,1,-101.5211658594934,-233.09950898123557,True,1.0,7.182103249953982e-58
71,4,2,4,0,3,2,1,11,4,4,1,8,7,4,3,6,4,4,31,2,15,0,3,8,0,0,0,0,0,0,0,0,0,0,0,0,0,0,0,1,0,0,0,0,1,0,0,0,1,1,1,4,2,0,1,-82.86375711777471,-231.26116352874138,True,1.0,3.5630774854840723e-65
72,4,0,17,0,10,0,4,0,7,14,0,0,0,0,0,0,0,0,4,10,7,0,0,0,4,0,0,0,0,0,0,0,0,0,0,0,0,0,0,0,0,0,0,0,0,0,0,0,0,0,0,9,2,0,1,-125.27564837834856,-215.31377224097028,True,1.0,7.887504963390605e-40
73,0,0,3,0,8,0,0,0,5,0,0,5,0,0,0,0,0,10,10,0,8,0,0,0,0,0,0,0,0,0,0,0,0,0,0,0,0,0,0,0,0,0,0,0,3,0,0,0,0,0,0,4,0,0,1,-77.01208133270865,-112.0770139780265,True,0.9999999999999994,5.908717735131633e-16
74,0,0,9,0,18,5,0,0,0,0,0,5,0,0,0,14,0,0,23,0,45,0,0,0,0,0,0,0,0,0,0,0,0,0,0,0,0,0,0,0,0,0,0,0,0,0,0,0,0,1,1,0,0,0,1,-107.70238909799002,-217.7491615081282,True,1.0,1.611736313669308e-48
75,0,12,9,0,6,3,6,0,0,3,0,6,0,0,0,18,0,9,44,0,21,0,0,3,0,0,0,0,0,0,0,0,0,0,0,0,0,0,0,0,0,0,0,0,0,0,0,0,0,2,0,2,0,35,1,-190.04463023448662,-361.247155776882,True,1.0,4.443118221824493e-75
76,0,7,7,0,5,0,2,2,0,0,0,4,7,7,5,0,0,0,24,5,16,0,0,2,0,0,0,0,0,0,0,0,4,0,0,0,0,0,0,0,0,0,0,0,0,0,0,0,0,0,0,1,2,1,1,-99.50880123800731,-179.33950397167095,True,1.0,2.1377962765333795e-35
77,0,0,0,51,0,0,0,0,0,0,0,0,0,0,0,12,0,0,8,0,0,74,0,0,0,0,0,0,0,0,0,0,0,0,0,0,0,0,0,0,0,0,0,0,0,0,0,0,5,0,0,3,0,6,1,-418.7962790419272,-784.5987973441689,True,1.0,0.0
78,2,0,2,0,15,4,0,1,1,1,1,6,3,1,0,0,7,0,42,3,12,0,8,1,0,0,0,0,0,0,0,0,0,0,0,0,0,0,0,0,0,0,0,0,0,0,0,0,1,1,0,1,2,0,1,-81.17293317697512,-195.53425235413704,True,1.0,2.155311956639092e-50
79,4,0,4,0,10,4,7,0,0,4,0,10,4,0,0,0,7,0,27,0,23,0,7,0,0,0,0,0,0,0,0,0,0,0,0,0,0,0,0,0,0,0,0,0,0,0,0,0,0,0,0,3,2,0,1,-76.42129682226009,-201.48891695193126,True,1.0,4.82861648692276e-55
80,0,5,3,0,5,0,11,0,0,8,8,5,3,0,0,13,3,3,18,0,13,0,0,0,0,0,0,0,0,0,0,0,0,0,0,0,0,0,0,0,0,0,0,0,3,0,0,0,0,2,0,2,0,2,1,-82.59933634744496,-194.36946877652665,True,1.0,2.8763931408882237e-49
81,4,0,17,0,11,0,0,0,7,11,0,0,0,0,0,0,0,0,4,11,7,0,0,0,4,0,0,0,0,0,0,0,0,0,0,0,0,0,0,0,0,0,0,0,0,0,0,0,0,0,0,9,2,0,1,-124.84912694468136,-203.77273937093437,True,1.0,5.295544616030466e-35
82,5,10,10,0,5,0,0,5,0,19,0,24,0,5,0,5,0,0,19,0,52,0,0,0,0,0,0,0,0,0,0,0,0,0,0,0,0,0,0,0,0,0,0,0,0,0,0,0,0,3,0,17,2,1,1,-152.86008677044163,-290.2780610455296,True,1.0,2.089931529749663e-60
83,0,0,0,0,24,0,0,24,24,24,0,0,0,0,0,0,72,0,0,24,24,0,0,0,0,0,0,0,0,0,0,0,0,0,0,0,0,0,0,0,0,0,0,0,0,0,0,0,0,0,0,4,0,0,1,-409.43709526053254,-742.5850251183517,True,1.0,1.94181148493056e-145
84,0,0,4,0,7,7,7,4,0,0,0,4,4,0,0,4,4,4,23,0,33,0,0,4,0,0,0,0,0,0,0,0,0,0,0,0,0,0,0,0,0,0,0,0,7,0,0,0,0,2,0,0,2,0,1,-84.61222252649412,-201.64699544092264,True,1.0,1.4874553307930884e-51
85,0,16,16,0,8,0,0,0,8,38,0,23,0,0,16,0,8,0,8,0,31,0,0,0,0,0,0,0,0,0,0,0,0,0,0,0,0,0,0,0,0,0,0,0,0,0,0,0,0,0,0,23,13,0,1,-245.17731756200843,-445.8381123706324,True,1.0,7.147004907233288e-88
86,1,0,5,0,1,1,1,6,1,0,0,7,0,2,0,0,1,0,0,0,0,0,8,0,0,0,0,0,0,0,0,0,0,0,0,0,0,0,0,0,0,0,0,0,0,0,0,0,0,1,0,1,1,0,1,-102.19553908413863,-145.48580165465177,True,1.0,1.5822599867195608e-19
87,0,0,0,0,15,0,9,0,2,11,0,5,0,0,0,0,0,15,11,0,2,0,2,0,15,15,0,0,0,0,0,0,0,0,0,0,0,0,2,0,0,0,0,0,0,0,0,0,2,5,2,2,2,0,1,-234.08912789005964,-191.6621234562595,False,3.7513370874586176e-19,1.0
88,9,0,9,0,9,0,9,0,0,0,0,0,0,0,0,0,0,0,55,0,0,28,0,0,0,0,0,0,0,0,0,0,0,0,0,0,0,0,0,0,0,0,0,0,0,0,0,0,0,2,0,22,7,5,1,-180.50004342136378,-349.4727958343456,True,1.0,4.131103111719858e-74
89,0,0,0,0,0,0,0,0,10,0,0,0,0,0,0,0,0,0,10,0,28,0,0,0,0,0,0,0,0,0,0,0,0,0,0,0,0,0,0,0,0,0,0,0,0,0,0,0,0,2,0,6,0,0,1,-94.59647651703764,-143.0544140987707,True,1.0,9.015402145407444e-22
90,0,0,14,0,0,0,0,0,0,0,0,14,0,0,0,0,0,0,14,0,53,0,0,14,0,0,0,0,0,0,0,0,0,0,0,0,0,0,0,0,0,0,0,0,0,0,0,0,0,0,0,0,3,0,1,-131.50917925546256,-240.55342873157213,True,1.0,4.3922208502338545e-48
91,6,5,3,0,2,1,0,2,6,7,3,7,7,12,1,3,5,1,30,0,14,0,6,6,0,0,0,0,0,0,0,0,0,0,0,0,0,0,0,0,0,0,0,0,1,0,0,0,1,1,0,5,6,2,1,-102.78733193879361,-243.55857171623572,True,1.0,7.308484899496328e-62
92,0,0,4,0,7,7,4,7,0,0,0,4,4,0,0,4,4,0,23,0,33,0,0,4,0,0,0,0,0,0,0,0,0,0,0,0,0,0,0,0,0,0,0,0,7,0,0,0,0,2,0,0,2,0,1,-86.9232742308905,-194.38248139682082,True,1.0,2.1431832092544496e-47
93,4,5,4,0,2,1,0,2,6,7,4,7,6,13,1,3,4,0,32,0,14,0,5,4,0,0,0,0,0,0,0,0,0,0,0,0,0,0,0,0,0,0,0,0,1,0,0,0,1,1,0,4,6,2,1,-101.33006914853313,-231.4641230314201,True,1.0,3.0443774117395303e-57
94,0,0,0,0,0,0,9,0,0,0,0,0,0,0,0,9,0,18,35,0,18,0,0,0,0,0,0,0,0,0,0,0,0,0,0,0,0,0,0,0,0,0,0,0,0,0,0,0,0,2,0,5,0,0,1,-94.58422303943436,-198.45974208543703,True,1.0,7.716764976540511e-46
95,0,0,3,0,3,3,3,3,0,0,6,9,0,0,0,9,6,3,24,27,30,0,0,6,0,0,0,0,0,0,0,0,0,0,0,0,0,0,0,0,0,0,0,0,0,0,0,0,0,1,0,2,0,1,1,-119.30800781847016,-324.3334893728985,True,1.0,9.090017333250168e-90
96,0,0,0,0,0,0,0,0,0,0,3,3,0,0,0,0,0,0,11,14,3,106,0,0,0,0,0,0,0,0,0,0,0,0,0,0,0,0,0,0,0,0,0,0,0,0,0,0,4,1,1,2,1,4,1,-412.94808728156437,-630.888536988934,True,1.0,2.2369965204760973e-95
97,0,0,8,0,3,0,0,0,3,3,3,19,0,0,0,3,0,0,39,3,12,0,0,0,0,0,0,0,0,0,0,0,0,0,0,0,0,0,0,0,0,0,0,0,0,0,0,0,0,2,0,11,1,0,1,-78.72909497223466,-157.16383147284958,True,1.0,8.634292326661308e-35
98,0,0,0,0,0,6,17,0,0,0,6,6,0,0,0,6,28,6,50,0,22,0,0,0,0,0,0,0,0,0,0,0,0,0,0,0,0,0,0,0,0,0,0,0,0,0,0,0,0,0,0,0,2,0,1,-145.49528610353943,-331.56845645181556,True,1.0,1.5468524428081894e-81
99,0,0,0,0,0,0,0,0,0,0,0,0,0,0,0,11,11,0,33,0,22,0,0,0,0,0,0,0,0,0,0,0,0,0,0,0,0,0,0,0,0,0,0,0,11,0,0,0,0,4,0,4,0,0,1,-99.94789525497508,-164.26200885111285,True,1.0,1.1714812898063656e-28
100,5,9,9,0,5,0,0,5,0,18,0,23,0,5,0,5,0,0,18,0,50,0,0,0,0,0,0,0,0,0,0,0,0,0,0,0,0,0,0,0,0,0,0,0,0,0,0,0,0,3,0,17,3,1,1,-145.19020190037182,-280.9780999529317,True,1.0,1.0667561775701677e-59
101,15,0,0,0,0,0,0,0,0,15,0,0,15,0,0,74,0,0,30,0,15,0,0,45,0,0,0,0,0,0,0,0,0,0,0,0,0,0,0,0,0,0,0,0,0,0,0,0,0,0,0,13,3,0,1,-346.6070387045093,-679.3616310199848,True,1.0,3.0656087672200655e-145
102,1,1,4,0,4,0,0,0,6,1,0,3,2,0,0,2,0,0,11,1,10,0,0,1,0,0,0,0,1,0,0,0,0,0,0,0,0,0,0,0,0,2,0,0,1,0,0,0,1,1,0,1,1,1,1,-79.66788641322462,-103.08446919141157,True,0.9999999999323438,6.76561552838249e-11
103,0,0,4,0,7,7,4,4,0,0,0,4,4,0,0,4,4,0,23,0,33,0,0,4,0,0,0,0,0,0,0,0,0,0,0,0,0,0,0,0,0,0,0,0,7,0,0,0,0,2,0,0,2,0,1,-84.07896482597202,-186.50421289164666,True,1.0,3.2906368552126924e-45
104,11,0,7,0,11,0,7,0,0,7,0,7,0,0,4,7,0,0,60,0,15,0,4,4,0,0,0,0,0,0,0,0,0,0,0,0,0,0,0,0,0,0,0,0,4,0,0,0,0,0,0,4,1,0,1,-102.51053203240207,-244.6302145681303,True,1.0,1.8976062622446696e-62
105,0,15,0,0,0,0,15,0,0,0,0,0,0,0,0,15,15,0,0,0,15,0,0,0,0,0,0,0,0,0,0,0,0,0,0,0,15,0,0,0,0,0,0,0,0,0,0,0,0,4,0,6,2,2,1,-183.2146526204907,-278.4919405105751,True,1.0,4.184076521469546e-42
106,0,0,14,0,0,0,0,0,0,0,0,14,0,0,0,0,0,0,14,0,53,0,0,14,0,0,0,0,0,0,0,0,0,0,0,0,0,0,0,0,0,0,0,0,0,0,0,0,0,0,0,0,3,0,1,-131.50917925546256,-240.55342873157213,True,1.0,4.3922208502338545e-48
107,0,0,0,0,0,0,0,0,0,0,0,0,0,0,0,40,0,0,0,0,0,0,0,0,0,0,0,0,0,0,0,0,0,0,0,0,0,0,0,0,0,0,0,0,0,0,0,0,0,0,0,26,0,0,1,-171.55342491884932,-273.63827454582565,True,1.0,4.6250147389333924e-45
108,2,0,6,0,3,2,3,3,0,5,2,3,0,0,0,19,2,2,11,0,15,0,0,0,0,0,0,0,0,0,0,0,0,0,0,0,0,0,0,2,0,0,0,0,0,0,0,0,0,1,0,3,0,0,1,-72.17902786091628,-162.091936978018,True,1.0,8.939633587972715e-40
109,0,0,0,0,0,0,0,0,0,0,0,0,0,0,0,0,0,0,0,0,7,84,0,0,0,0,0,0,0,0,0,0,0,0,0,0,0,0,0,0,0,0,0,0,0,0,0,0,0,0,0,3,0,3,1,-321.2642663411726,-456.0121160546233,True,1.0,3.0182306227995017e-59
110,0,9,0,0,0,0,0,0,0,0,0,9,0,0,0,0,0,19,64,0,9,0,0,0,0,0,0,0,0,0,0,0,0,0,0,0,0,0,0,0,0,0,0,0,0,0,0,0,0,2,0,3,0,0,1,-122.67666941306004,-182.26378561205217,True,1.0,1.3232571284954293e-26
111,0,0,0,0,0,0,0,0,0,0,0,0,0,0,0,0,0,0,45,0,0,0,0,0,0,0,0,0,0,0,0,0,0,0,0,0,0,0,0,0,0,0,0,0,0,0,0,0,0,0,0,9,0,0,1,-97.03130052170114,-123.83117251386389,True,0.999999999997704,2.295955562053038e-12
112,12,6,0,0,6,0,0,6,0,0,0,0,6,0,0,0,0,6,36,0,66,0,0,6,0,0,0,0,0,0,0,0,0,0,0,0,0,0,0,0,0,0,0,0,0,0,0,0,0,0,0,2,0,0,1,-151.10195736204508,-287.8365884637937,True,1.0,4.1390838782127326e-60
113,4,3,3,0,1,5,1,3,1,15,4,6,10,0,2,1,0,0,31,0,8,0,4,4,0,0,0,0,0,0,0,0,0,0,0,0,0,0,0,0,0,0,0,0,2,0,0,0,0,1,0,3,3,1,1,-89.66494376240745,-192.99519836093793,True,1.0,1.3311917400850585e-45
114,2,0,6,0,11,2,6,0,6,6,0,2,0,0,2,4,2,6,19,0,20,0,0,2,0,0,0,0,0,0,0,0,0,0,0,0,0,0,0,0,0,2,0,0,0,0,0,0,0,2,0,3,4,0,1,-74.01221790330456,-181.35713543667913,True,1.0,2.4026729273217373e-47
115,0,5,20,0,25,0,0,0,0,0,0,0,5,0,0,5,15,5,45,0,5,0,0,0,0,0,0,0,0,0,0,0,0,0,0,0,0,0,0,0,0,0,0,0,0,0,0,0,0,0,0,5,0,0,1,-127.31074455149718,-236.71879810768394,True,1.0,3.052713623026323e-48
116,15,0,0,0,0,0,0,0,0,5,0,24,0,0,0,10,0,0,68,0,20,0,5,0,0,0,0,0,0,0,0,0,0,0,0,0,0,0,0,0,0,0,0,0,5,0,0,0,0,0,0,2,1,0,1,-139.08346899995598,-240.1465109994359,True,1.0,1.2849272375356786e-44
117,0,5,5,0,19,0,12,3,0,5,3,7,3,0,5,3,15,0,29,0,17,0,0,0,0,0,0,0,0,0,0,0,0,0,0,0,0,0,0,0,0,0,0,0,0,0,0,0,0,0,0,1,0,0,1,-100.28159676531747,-245.78430896176505,True,1.0,6.441321720568597e-64
118,0,9,12,0,2,0,0,2,3,2,2,4,2,0,12,0,2,21,28,2,13,0,0,2,0,0,0,0,0,0,0,0,0,0,0,2,0,0,0,0,0,0,0,0,0,0,0,0,0,2,0,4,1,0,1,-113.77811707324219,-229.29491280539216,True,1.0,6.787237500456863e-51
119,0,6,6,0,23,0,6,0,0,0,0,6,6,0,0,6,34,0,40,0,17,0,0,0,0,0,0,0,0,0,0,0,0,0,0,0,0,0,0,0,0,0,0,0,0,0,0,0,0,3,0,12,4,0,1,-147.5393442339725,-322.9386424944072,True,1.0,6.684249246820871e-77
120,5,3,5,0,1,2,1,3,4,7,3,9,6,12,0,3,4,0,30,0,14,0,10,4,0,0,0,0,0,0,0,0,0,0,0,0,0,0,0,0,0,0,0,0,1,0,0,0,0,1,0,4,8,2,1,-102.1880084196749,-253.218518082517,True,1.0,2.5602540062606044e-66
121,0,5,0,0,0,5,0,0,3,3,0,12,5,0,0,3,0,5,27,0,5,0,0,3,0,0,0,0,0,0,0,0,0,0,3,0,3,0,0,0,0,0,0,0,0,0,0,0,0,0,0,4,14,1,1,-105.65066876967452,-177.67186441509918,True,1.0,5.267349687124399e-32
122,0,0,0,0,7,0,0,0,0,0,7,7,0,0,0,0,13,0,13,52,13,0,0,7,0,0,0,0,0,0,0,0,0,0,0,0,0,0,0,0,0,0,0,0,0,0,0,0,0,5,0,1,0,0,1,-210.99528711832266,-440.1295132190374,True,1.0,3.0780097365701665e-100
123,0,0,6,0,12,0,0,0,0,0,0,0,10,0,2,0,4,4,32,0,10,0,0,0,0,0,0,0,0,0,0,0,0,0,0,0,0,0,0,0,0,0,0,0,0,0,0,0,0,2,0,5,0,0,1,-83.48159558988053,-148.97342309967968,True,1.0,3.607951598383348e-29
124,0,2,0,0,7,1,1,0,3,1,5,8,1,17,0,6,9,2,33,0,25,0,0,1,0,0,0,0,0,0,0,0,0,0,0,0,3,0,0,0,0,0,0,0,0,0,0,0,0,1,0,1,1,0,1,-111.70315650584143,-214.82139178891458,True,1.0,1.645581638995095e-45
125,0,0,9,0,9,0,9,0,0,0,0,0,9,0,0,0,0,0,26,0,17,0,0,9,0,0,0,0,0,0,0,0,0,0,0,0,0,0,0,0,0,0,0,0,0,0,0,0,0,4,0,8,2,0,1,-92.78610106471179,-204.74278970132022,True,1.0,2.3868653119378835e-49
126,5,0,9,0,5,14,0,0,0,0,0,0,0,0,0,0,0,5,18,0,22,0,22,0,0,0,0,0,0,0,0,0,0,0,0,0,0,0,0,0,0,0,0,0,0,0,0,0,3,0,0,5,4,0,1,-124.59011150299824,-276.7911880990809,True,1.0,7.94167836988257e-67
127,0,0,8,0,8,17,0,0,0,0,0,8,17,0,0,0,0,0,41,0,0,0,0,0,0,0,0,0,0,0,0,0,0,0,0,0,0,0,0,0,0,0,0,0,0,0,0,0,0,0,0,9,0,0,1,-136.23106753237766,-211.52283971371827,True,1.0,2.0007775649185505e-33
128,4,2,8,0,0,7,0,7,7,10,0,7,5,0,11,0,2,16,19,5,9,0,7,8,0,0,0,0,0,0,0,0,0,0,1,0,0,0,0,0,0,0,0,0,0,0,0,0,0,0,0,6,2,1,1,-123.08452374702439,-304.1763280972416,True,1.0,2.253349996627395e-79
129,0,0,0,0,0,13,0,0,0,0,0,0,0,0,0,0,0,0,13,0,0,0,0,0,0,0,0,0,0,7,0,0,0,0,0,0,0,0,0,0,0,0,0,0,0,0,0,0,0,1,0,4,0,0,1,-131.2564911423138,-127.14959915715279,False,0.016192342140964367,0.9838076578590356
130,0,8,0,0,8,0,8,0,0,8,0,0,0,0,0,8,8,8,16,0,16,0,0,0,0,0,0,0,0,0,0,0,0,0,0,0,0,0,0,0,0,0,0,0,0,0,0,0,0,2,0,3,0,0,1,-82.62618285560552,-178.02072453558765,True,1.0,3.721148010940358e-42
131,9,0,0,0,0,0,9,0,0,0,0,0,0,0,0,0,9,9,19,0,28,0,0,9,0,0,0,0,0,0,0,0,0,0,0,0,0,0,0,0,0,0,0,0,0,0,0,0,0,0,0,6,0,0,1,-103.75287240323912,-227.10009124104297,True,1.0,2.6976369440177415e-54
132,12,4,6,0,0,10,2,2,14,4,0,10,0,2,0,10,0,0,26,4,14,0,0,14,0,0,0,0,0,0,0,0,0,0,0,0,0,0,0,0,0,0,0,0,0,0,0,0,0,3,0,8,4,1,1,-122.61627837342314,-289.33431294556704,True,1.0,3.93801668220869e-73
133,0,0,0,0,0,0,0,0,0,38,0,0,0,0,0,0,0,0,19,0,0,0,0,19,0,0,0,0,0,0,0,0,0,0,0,0,0,0,0,0,0,0,0,0,0,0,0,0,3,0,0,0,0,0,1,-174.1281892986458,-245.71807579923504,True,1.0,8.107880380562196e-32
134,0,4,2,0,0,0,0,0,2,13,0,6,0,0,0,0,0,2,33,0,13,74,0,2,0,0,0,0,0,0,0,0,0,0,0,0,0,0,0,0,0,0,2,0,0,0,0,0,0,1,0,0,1,7,1,-277.28117579726546,-441.9368676597285,True,1.0,3.097002886768338e-72
135,0,0,12,0,4,4,0,0,0,0,0,4,0,0,0,16,0,0,54,0,24,0,0,4,0,0,0,0,0,0,0,0,0,0,0,0,0,0,0,0,0,0,0,0,0,0,0,0,0,2,0,3,0,0,1,-93.89346226745135,-202.99358842582336,True,1.0,4.1535288795736264e-48
136,1,1,8,0,9,11,3,2,6,1,2,6,2,0,23,3,1,10,17,2,5,0,9,1,0,0,0,0,0,0,0,0,0,0,0,0,0,0,0,1,0,0,2,1,1,1,0,0,0,1,0,5,2,1,1,-139.4702807965548,-317.3798163767054,True,1.0,5.430882660886137e-78
137,1,0,1,0,4,1,1,0,2,3,4,5,0,6,0,9,2,0,17,41,17,0,4,2,0,0,0,0,0,0,0,0,0,0,0,0,0,0,0,0,0,0,0,0,0,0,0,0,0,2,0,4,2,0,1,-149.54828283401915,-369.50629692207394,True,1.0,2.9747346429536406e-96
138,0,6,0,0,0,6,0,0,0,3,0,13,0,0,0,0,3,0,3,0,3,0,6,0,0,0,0,0,0,0,0,0,0,0,0,0,0,0,0,0,0,0,0,0,0,0,0,0,0,2,0,0,1,0,1,-99.92939201202586,-129.3759762671662,True,0.9999999999998372,1.627462337939906e-13
139,3,0,3,0,0,0,0,0,5,3,0,5,0,0,0,2,0,0,32,0,17,0,0,2,0,0,0,0,0,0,0,0,0,0,0,0,0,0,0,0,0,0,0,0,0,0,0,0,1,1,0,1,1,0,1,-69.49323081089821,-120.95219079161605,True,1.0,4.4839177325165774e-23
140,0,0,17,0,0,0,0,0,0,0,0,0,0,0,0,50,0,0,33,0,17,0,0,0,0,0,0,0,0,0,0,0,0,0,0,0,0,0,0,0,0,0,0,0,0,0,0,0,0,0,0,27,0,0,1,-173.22130738780524,-346.3598154232561,True,1.0,6.410639500959457e-76
141,5,3,4,0,1,2,1,3,5,8,3,9,6,11,0,2,4,1,33,0,15,0,11,6,0,0,0,0,0,0,0,0,0,0,0,0,0,0,0,0,0,0,0,0,1,0,0,0,0,1,0,4,9,2,1,-106.35951137335508,-271.0826839343585,True,1.0,2.8949103245456385e-72
142,9,0,0,0,0,26,0,0,0,0,0,9,9,0,0,0,0,0,26,0,17,0,0,0,0,0,0,0,0,0,0,0,0,0,0,0,0,0,0,0,0,0,0,0,0,0,0,0,0,5,0,29,4,0,1,-164.65035730633366,-286.3256594398148,True,1.0,1.4357793390484673e-53
143,0,0,0,0,10,0,10,0,0,0,0,0,0,0,0,10,0,0,0,0,20,0,0,0,0,0,0,0,0,0,0,0,0,0,0,0,0,0,0,0,0,0,0,10,0,0,0,0,0,0,0,9,0,0,1,-141.77749869411855,-197.33032214941056,True,1.0,7.476792348210185e-25
144,7,0,0,0,13,0,7,0,0,0,0,7,0,0,0,0,0,7,38,0,13,0,0,7,0,0,0,0,0,0,0,0,0,0,0,0,13,0,0,0,0,0,0,0,0,0,0,0,0,0,0,2,4,0,1,-119.53919549551244,-203.77269907575578,True,1.0,2.6173042098783757e-37
145,2,2,3,0,11,2,2,10,9,6,1,11,2,9,1,0,0,12,39,7,18,0,1,3,0,0,0,0,0,0,0,0,0,0,0,0,0,0,1,1,0,0,0,0,0,0,0,0,0,0,3,5,3,1,1,-117.03534351975277,-275.38850080940654,True,1.0,1.690820859908519e-69
146,0,0,0,0,0,0,0,12,0,0,12,0,0,0,0,61,0,0,12,0,12,0,0,0,0,0,0,0,0,0,0,0,0,0,0,0,0,0,0,0,0,0,0,0,0,0,0,0,0,0,0,15,0,0,1,-201.18804814529295,-388.3240860974781,True,1.0,5.34381423025012e-82
147,0,0,16,0,0,8,0,4,0,0,4,12,0,0,0,4,0,12,20,0,4,0,12,4,0,0,0,0,0,0,0,0,0,0,0,0,0,0,0,0,0,0,0,0,0,0,0,0,0,1,0,7,2,0,1,-103.13457292502706,-230.65331181438506,True,1.0,4.162127318930409e-56
148,2,2,3,0,5,1,1,1,7,25,0,4,2,0,15,4,1,0,28,5,16,0,2,2,0,0,0,0,0,0,0,0,0,0,0,0,0,0,0,5,0,0,0,0,4,1,0,0,0,2,0,4,1,1,1,-124.62245826151927,-264.0082536947492,True,1.0,2.9209100813236532e-61
149,0,0,0,0,0,0,0,0,0,0,0,0,0,0,0,0,0,0,0,0,39,0,0,0,0,0,0,0,0,0,0,0,0,0,0,0,0,0,0,0,0,0,0,0,0,0,0,0,0,0,0,0,13,0,1,-127.93372629199943,-192.0292384647344,True,1.0,1.4577154225483036e-28
150,5,0,10,0,10,0,10,0,0,0,0,5,0,0,0,5,5,0,45,0,10,0,15,0,0,0,0,0,0,0,0,0,0,0,0,0,0,0,0,0,0,0,0,0,5,0,0,0,0,0,0,12,3,0,1,-101.33811305783817,-267.60629541275193,True,1.0,6.175126904578273e-73
151,8,0,8,0,16,0,0,0,0,0,0,0,0,0,0,8,8,0,16,0,24,0,8,0,0,0,0,0,0,0,0,0,0,0,0,0,0,0,0,0,0,0,0,0,0,0,0,0,0,0,0,16,4,0,1,-98.19479593166766,-238.87942780123137,True,1.0,7.969676450589557e-62
152,0,9,0,0,0,0,0,0,0,0,0,0,0,0,0,9,0,19,37,0,28,0,0,0,0,0,0,0,0,0,0,0,0,0,0,0,0,0,0,0,0,0,0,0,9,0,0,0,0,0,0,2,2,0,1,-116.74857319112913,-193.39592708611545,True,1.0,5.157950273777706e-34
153,0,0,0,0,9,0,9,0,0,0,0,0,0,0,9,0,0,18,9,0,0,0,0,0,0,0,0,0,0,0,0,0,0,0,0,9,0,0,0,0,0,0,0,0,9,0,0,0,0,3,0,0,2,0,1,-154.99244906335807,-211.55691122546295,True,1.0,2.718730824428608e-25
154,0,0,0,0,0,19,0,0,0,0,0,0,0,0,0,0,0,0,19,0,0,0,0,0,0,0,0,0,0,0,0,0,19,0,0,0,19,0,0,0,0,0,0,0,0,0,0,0,0,0,0,0,0,0,1,-246.2255507532548,-198.6149065929158,False,2.103584496110515e-21,1.0
155,6,0,6,6,6,0,0,0,0,0,0,12,0,0,0,0,0,0,42,0,6,0,0,0,0,0,0,0,0,0,0,0,0,0,0,0,0,0,0,0,0,0,0,0,0,0,0,0,0,1,0,2,0,0,1,-84.9220849462629,-150.91541878404706,True,1.0,2.1850393969880753e-29
156,0,0,12,0,0,0,0,0,0,0,0,24,0,0,0,0,0,0,24,0,49,0,0,0,0,0,0,0,0,0,0,0,0,0,0,0,0,0,0,0,0,0,0,0,0,0,0,0,0,0,0,0,0,0,1,-120.77055656315038,-188.33437465572436,True,1.0,4.543668372026823e-30
157,0,0,11,0,33,0,0,0,0,0,0,0,0,11,0,11,0,0,22,0,22,0,11,11,0,0,0,0,0,0,0,0,0,0,0,0,0,0,11,0,0,0,0,0,0,0,0,0,0,0,0,24,6,10,1,-217.36456824375475,-412.719865706373,True,1.0,1.4397009837839766e-85
158,0,0,9,0,17,5,0,0,0,0,0,5,0,0,0,5,0,0,21,0,42,0,0,0,0,0,0,0,0,0,0,0,0,0,0,0,0,0,0,0,0,0,0,0,0,0,0,0,0,3,0,0,0,0,1,-96.7888641275318,-184.35149436678356,True,1.0,9.376329616086216e-39
159,0,0,0,0,19,0,10,0,0,10,0,10,0,0,0,0,0,0,58,38,29,0,0,0,0,0,0,0,0,0,0,0,0,0,0,0,0,0,0,0,0,0,0,0,0,0,0,0,0,0,0,2,0,0,1,-188.03213629560366,-423.29631888718393,True,1.0,6.699828886928869e-103
160,4,1,6,0,21,2,0,0,1,7,4,8,3,0,0,2,4,0,50,0,19,0,1,8,0,0,0,0,0,0,0,0,0,0,0,0,0,0,0,1,0,0,0,0,2,0,1,0,1,1,0,2,2,1,1,-99.534400256945,-222.04935636998192,True,1.0,6.200555647758385e-54
161,0,0,0,0,0,13,0,0,0,0,0,0,0,0,0,0,0,0,13,0,13,25,0,0,0,0,0,0,0,0,0,0,0,0,0,0,0,0,0,0,0,0,0,0,13,0,0,0,0,0,0,17,0,5,1,-161.18846234383386,-244.80186197845717,True,1.0,4.865885951031286e-37
162,5,3,5,0,8,3,0,2,4,41,1,13,5,0,8,12,3,20,24,0,24,0,1,5,0,0,0,0,0,0,0,0,0,0,0,1,0,0,0,1,0,0,0,0,0,0,0,0,1,3,1,8,1,0,1,-169.77555771207338,-360.513772106255,True,1.0,1.4569545381001872e-83
163,46,46,0,0,0,0,0,0,0,0,0,0,0,0,0,46,0,91,0,0,46,0,0,91,0,0,0,0,0,0,0,0,0,0,0,0,0,0,0,0,0,0,0,0,0,0,0,0,0,0,0,31,0,0,1,-880.9149481847654,-1399.4151775565324,True,,
164,0,0,0,0,0,0,0,0,0,0,0,0,0,0,0,0,0,0,0,0,0,0,0,0,0,0,0,0,0,0,0,0,0,0,0,0,0,0,0,0,0,0,0,0,0,0,0,0,0,0,0,0,9,0,1,-117.58731764642151,-127.2293089356559,True,0.9999350606129944,6.49393870056292e-05
165,5,0,5,0,5,5,0,0,0,9,0,5,0,0,0,0,35,0,14,0,18,0,14,0,0,0,5,0,0,0,0,0,0,0,0,0,0,0,0,0,0,0,0,0,0,0,0,0,0,0,0,3,2,1,1,-163.457295250428,-288.996930569005,True,1.0,3.011820749641531e-55
166,4,4,0,0,0,0,0,0,12,49,4,0,0,0,45,0,0,0,12,0,12,0,41,4,0,0,0,0,0,0,0,0,0,0,0,0,0,0,0,0,0,0,0,0,0,0,0,0,0,0,0,9,8,0,1,-378.94149062814785,-736.1741136258474,True,1.0,7.174984117062854e-156
167,0,0,3,0,8,0,0,0,17,0,5,13,0,0,0,3,0,0,30,0,13,0,0,3,0,0,0,0,0,0,0,0,0,0,0,0,0,3,0,0,0,0,0,0,3,0,0,0,0,1,0,11,3,2,1,-107.10486480609599,-202.68192622733955,True,1.0,3.100342175230421e-42
168,0,0,7,0,0,0,0,0,0,0,0,0,0,0,0,7,0,0,0,0,0,0,0,0,7,14,0,0,0,0,0,0,0,0,0,0,0,0,0,0,0,0,0,0,0,0,0,0,0,0,0,4,0,0,1,-182.84668931245642,-112.4502705811948,False,2.6743842088647336e-31,1.0
169,0,3,0,0,0,0,0,0,0,0,0,6,0,0,0,0,0,0,0,0,0,0,0,0,0,0,0,3,0,0,0,0,0,0,0,9,0,0,6,0,0,0,0,0,0,6,0,0,0,2,0,0,0,0,1,-172.56322292126245,-108.22108760579485,False,1.1391100371577445e-28,1.0
170,0,0,0,0,0,0,0,0,0,0,0,0,0,0,0,0,0,0,0,0,0,0,0,0,0,0,0,0,0,0,0,0,0,0,0,0,0,0,0,0,0,0,0,0,0,0,0,0,0,0,0,0,0,0,1,-111.38834380103528,-99.24975212529341,False,5.349020891298992e-06,0.9999946509791087
171,0,0,0,0,0,0,0,0,0,0,0,0,0,0,0,0,0,0,0,0,0,0,0,0,0,0,0,7,0,0,0,0,4,0,0,0,0,0,7,0,0,0,0,0,0,0,0,0,0,3,0,0,0,0,1,-165.12338872622868,-110.94209200152793,False,2.9468756492457098e-24,1.0
172,0,0,0,6,6,0,0,0,0,0,0,0,6,0,0,25,0,6,0,0,6,0,6,0,0,0,0,0,0,0,0,0,0,0,0,0,0,0,0,0,0,0,0,0,0,0,0,0,0,0,0,5,3,2,1,-118.42112568023792,-246.20550730121755,True,1.0,3.191157126764493e-56
173,0,0,0,0,11,0,11,0,0,0,0,21,0,0,0,21,0,0,31,0,11,0,0,0,0,0,0,0,0,0,0,0,0,0,0,0,0,0,0,0,0,0,0,0,0,0,0,0,0,0,0,0,0,0,1,-104.0115921799283,-210.49294647644828,True,1.0,5.69817002016964e-47
174,0,0,0,0,7,0,7,0,0,0,0,0,0,0,0,7,0,0,59,0,7,0,0,0,0,0,0,0,0,0,0,0,0,0,0,0,0,0,0,0,0,0,0,0,7,0,0,0,0,0,0,18,0,0,1,-107.7092633408223,-199.13165609335547,True,1.0,1.9758742669766607e-40
175,3,0,9,0,12,12,3,0,0,0,0,9,0,0,0,9,12,3,14,0,12,0,6,0,0,0,0,0,0,0,0,0,0,0,0,0,0,0,0,0,0,0,0,0,0,0,0,0,0,0,0,7,0,0,1,-89.06068711496411,-217.3027302766309,True,1.0,2.0192417022312242e-56
176,2,8,2,0,2,2,2,0,10,4,2,6,0,0,29,2,0,35,18,0,21,0,37,0,0,0,0,0,0,0,0,0,0,0,0,0,0,0,0,4,0,0,0,0,0,0,0,0,0,2,4,3,4,0,1,-276.280833359471,-578.7138954291495,True,1.0,4.518455380826513e-132
177,0,0,0,0,0,0,0,0,0,11,0,0,0,0,0,33,0,0,55,0,0,0,0,0,0,0,0,0,0,0,0,0,0,0,0,0,0,0,0,0,0,0,0,0,0,0,0,0,0,0,0,22,0,0,1,-151.3109819274877,-274.084234777036,True,1.0,4.7890984186473555e-54
178,9,2,6,0,0,4,0,1,3,5,4,14,9,17,0,4,6,3,35,3,14,0,4,9,0,0,0,0,0,0,0,0,0,0,0,0,0,0,0,0,0,0,0,1,1,0,1,0,1,1,0,7,2,2,1,-136.25170734525517,-288.73463417230886,True,1.0,5.991096218902153e-67
179,0,0,0,0,0,0,73,0,0,0,0,0,0,0,0,0,0,0,0,0,0,0,0,0,0,0,0,0,0,0,0,0,0,0,0,0,0,0,0,0,0,0,0,0,0,0,0,0,0,0,0,3,0,0,1,-274.3400525700578,-496.67106102141526,True,1.0,2.772489267181468e-97
180,0,0,0,0,0,13,0,7,0,0,0,0,0,0,0,0,0,0,39,0,7,0,0,0,0,0,0,0,0,0,0,0,0,0,0,0,0,0,0,0,0,0,0,0,0,0,0,0,0,0,0,12,2,0,1,-101.97624360407838,-171.89681842158694,True,1.0,4.304078516209629e-31
181,0,0,8,0,4,4,4,0,0,8,4,4,0,0,0,8,8,8,24,0,12,0,0,4,0,0,0,0,0,0,0,0,0,0,0,0,0,0,0,0,0,0,0,0,0,0,0,0,1,2,3,6,0,0,1,-78.33352960755371,-188.01755001640865,True,1.0,2.316515356093938e-48
182,0,0,0,0,0,0,0,0,0,0,0,0,0,0,0,0,0,0,0,0,0,0,0,0,0,0,0,0,0,0,0,0,0,0,0,0,0,0,0,0,0,0,0,0,0,0,0,0,0,0,0,0,0,0,0,-111.38834380103528,-99.24975212529341,False,5.349020891298992e-06,0.9999946509791087
183,0,0,0,0,0,0,0,0,0,0,0,8,0,0,0,0,0,0,8,0,0,0,0,0,8,0,0,0,0,0,0,0,0,0,8,8,0,0,0,0,0,16,0,16,0,0,0,0,0,2,0,2,0,0,0,-322.45881929096487,-136.76120959734186,False,2.251919219094914e-81,1.0
184,0,0,0,0,0,0,0,0,0,0,0,0,0,0,0,0,0,0,0,0,0,0,0,0,0,0,0,0,0,0,0,0,0,0,0,0,0,0,0,0,0,0,0,0,0,0,0,0,0,0,0,14,0,0,0,-112.80065692839645,-120.9092693632954,True,0.9996991543831965,0.0003008456168035851
185,0,0,16,0,0,0,0,0,0,0,0,16,0,0,0,0,0,0,16,0,16,0,0,0,16,32,0,0,0,0,0,0,0,0,0,0,0,0,0,0,0,0,0,0,0,0,0,0,0,0,0,0,0,0,0,-305.94181948203294,-147.08160482411486,False,1.0183225947753653e-69,1.0
186,0,0,0,0,0,0,0,0,0,0,0,33,0,0,0,0,0,0,0,0,0,0,0,0,0,0,0,0,0,0,0,0,0,0,0,0,0,0,0,0,33,0,0,0,0,33,0,0,0,6,0,0,0,0,0,-524.8677000206868,-275.83472911625904,False,7.020287923380521e-109,1.0
187,0,0,7,0,4,0,0,0,0,0,0,4,0,0,0,0,0,0,0,0,0,0,0,0,0,0,0,0,0,0,0,0,0,0,0,0,0,0,0,0,0,0,0,0,0,0,0,0,0,1,1,1,0,0,0,-102.22827802862066,-99.53631510813581,False,0.06344927479792103,0.9365507252020789
188,0,0,0,0,0,0,0,0,0,0,0,0,0,0,0,0,0,28,0,0,0,0,0,0,56,28,0,28,0,28,28,0,0,0,28,28,0,0,0,0,0,0,0,0,0,0,0,0,0,3,0,3,0,0,0,-1202.5209053314697,-521.3574420105839,False,0.0,1.0
189,0,0,0,0,0,0,0,0,0,0,0,11,0,0,0,0,0,0,11,0,0,0,0,0,0,0,0,0,0,0,0,0,22,0,0,0,0,0,0,0,0,0,0,33,0,0,0,0,0,0,0,0,0,0,0,-351.8945783306112,-200.4511986371455,False,1.6942436958891748e-66,1.0
190,0,0,0,0,0,0,0,0,0,0,0,0,0,0,0,0,0,77,0,0,0,0,0,0,0,0,0,0,0,0,0,0,0,0,0,0,0,0,0,0,0,0,0,0,0,0,0,0,0,0,0,0,0,0,0,-278.1431684464531,-358.9941086377641,True,1.0,7.706954911706337e-36
191,4,0,0,0,0,0,0,0,0,0,0,7,0,0,0,0,0,0,4,0,0,0,0,0,4,0,0,0,0,4,0,0,4,0,0,0,0,0,4,0,0,0,0,0,0,0,0,0,0,0,0,0,0,0,0,-145.98631432619018,-91.4697359910588,False,2.1074188329536497e-24,1.0
192,0,0,12,0,0,0,0,0,0,0,0,0,0,0,0,0,0,0,0,0,0,0,0,0,47,24,0,0,0,0,0,0,0,0,0,0,12,0,0,0,0,0,12,0,0,0,0,0,0,0,2,0,0,0,0,-524.5936732739551,-199.9941057991877,False,1.0670850060192925e-141,1.0
193,0,0,0,0,0,0,0,0,0,0,0,0,0,0,0,0,0,0,0,0,0,0,0,0,0,0,0,0,0,0,0,0,0,0,0,0,14,0,0,0,0,0,0,0,0,0,0,0,0,12,0,0,0,0,0,-163.06442599538178,-126.57403903250578,False,1.4204511394993024e-16,0.9999999999999998
194,0,0,0,0,0,0,0,0,0,0,0,14,0,0,0,0,0,0,14,0,14,0,0,0,14,14,28,0,0,0,0,0,0,0,0,0,14,0,14,0,0,0,14,0,0,0,0,0,0,0,3,5,0,0,0,-514.0076880600427,-163.90766571348263,False,8.98446416219957e-153,1.0
195,0,0,0,0,0,0,0,0,0,0,0,14,0,0,0,0,7,0,14,0,14,0,0,0,0,0,7,0,0,0,7,0,0,0,0,0,0,0,0,22,0,0,0,0,0,0,0,0,0,3,1,0,0,0,0,-225.63107564957224,-159.54321702192175,False,1.9879601627527465e-29,1.0
196,0,0,0,0,0,0,0,0,0,0,0,22,0,0,0,0,0,0,11,0,0,0,0,0,54,11,0,0,33,0,11,0,0,0,0,0,11,0,0,0,0,33,11,0,0,0,0,0,0,4,2,0,0,2,0,-944.4412378671575,-326.99489918347297,False,0.0,1.0
197,0,0,0,0,0,0,0,0,0,0,0,0,0,0,0,0,0,0,0,0,0,0,0,0,20,0,0,0,0,0,0,0,0,0,0,10,0,0,0,0,0,0,0,0,0,0,0,0,0,0,0,2,0,0,0,-212.419629546886,-108.86293035123724,False,1.0614437281094175e-45,1.0
198,0,0,0,0,0,0,0,0,0,13,0,25,0,0,0,0,0,0,0,0,0,0,0,0,0,0,0,0,0,0,0,0,0,0,0,0,13,0,0,0,0,0,0,0,0,0,0,0,0,8,0,0,0,0,0,-171.27953092121308,-148.09447576740402,False,8.528221744669823e-11,0.9999999999147178
199,9,0,0,0,0,0,0,0,0,0,0,9,0,0,0,0,0,0,5,0,0,0,0,0,0,0,0,0,0,0,0,0,0,0,0,0,0,0,0,0,0,0,0,9,0,0,0,0,1,5,0,0,0,0,0,-147.38528275005382,-115.63936598328199,False,1.632764409644272e-14,0.9999999999999836
200,0,0,0,0,0,0,0,0,0,0,0,0,0,0,0,0,0,11,11,0,0,0,0,0,11,0,0,0,0,0,0,0,0,0,0,0,11,0,11,0,0,0,11,0,0,0,0,0,2,4,0,2,0,0,0,-246.22672814244478,-146.46784223673404,False,4.734415071339957e-44,1.0
201,4,4,0,0,4,0,0,0,0,4,0,12,0,4,0,0,0,0,12,0,0,0,0,0,28,20,12,12,4,4,4,4,0,4,12,4,4,0,0,4,0,4,4,0,4,0,0,0,2,4,5,0,0,0,0,-621.98584300242,-167.7356679221125,False,5.268118787535386e-198,1.0
202,0,0,9,0,5,5,0,0,0,0,0,9,0,5,0,0,9,0,0,0,0,0,0,0,18,0,0,0,0,0,0,0,0,0,0,9,0,0,0,0,0,0,0,0,5,0,0,0,0,2,0,0,0,0,0,-208.44832567128847,-142.2796862863307,False,1.833686299188608e-29,1.0
203,0,0,9,0,9,0,0,0,0,9,0,0,0,0,0,0,0,0,0,0,9,0,0,0,18,9,27,0,0,0,0,0,0,0,0,0,9,0,0,0,0,0,9,0,9,0,0,0,0,3,2,0,0,0,0,-435.7499170019666,-135.4300831980857,False,3.7389819868280215e-131,1.0
204,0,14,9,0,0,0,0,0,0,19,0,5,0,0,0,0,0,19,0,0,32,0,0,0,5,0,0,0,0,0,0,0,9,0,0,0,0,0,0,0,0,0,0,0,0,0,0,0,0,2,0,0,0,0,0,-195.1779975448828,-217.97775525868306,True,0.9999999998746307,1.2536925240524577e-10
205,0,0,0,0,0,0,0,0,0,8,0,0,0,0,0,0,0,0,0,0,8,0,0,0,0,0,8,0,8,0,0,0,8,0,0,0,0,0,0,0,0,0,0,0,0,0,0,0,0,2,2,0,0,2,0,-219.22413917519606,-113.7359662053314,False,1.5383975271301444e-46,1.0
206,0,14,0,0,0,0,0,0,7,7,0,3,0,0,0,0,0,9,7,0,9,0,0,0,18,0,16,0,0,5,0,0,5,0,0,0,0,0,5,0,0,0,0,0,0,0,0,0,0,1,0,1,1,1,0,-312.97517491787625,-127.64875727642364,False,3.26407002648716e-81,1.0
207,0,0,0,0,0,0,0,0,0,0,0,0,0,0,0,0,0,0,0,0,0,0,0,0,0,0,0,0,0,0,0,0,0,0,0,0,0,0,0,0,0,0,0,0,0,0,0,0,0,0,0,0,0,0,0,-111.38834380103528,-99.24975212529341,False,5.349020891298992e-06,0.9999946509791087
208,0,0,2,0,2,0,0,2,1,0,1,3,0,0,0,1,0,0,10,0,6,0,3,0,19,5,0,1,0,3,4,0,0,0,3,0,2,0,0,0,0,0,0,0,0,0,0,1,0,2,0,1,1,0,0,-206.94120964554716,-93.67269321272836,False,6.428480633152837e-50,1.0
209,7,0,0,0,0,0,0,0,0,0,0,7,0,0,0,7,0,0,55,0,0,0,0,0,7,0,7,0,0,0,0,0,0,0,0,7,0,0,0,0,0,0,0,0,7,0,0,0,0,2,0,0,0,0,0,-185.5287683749152,-131.09676972310646,False,2.2934186853836026e-24,1.0
210,0,0,0,0,0,0,0,0,0,0,0,0,0,0,0,0,0,0,0,0,0,0,0,0,0,0,167,0,0,0,0,0,0,0,0,0,0,0,0,0,0,0,0,0,0,0,0,0,0,0,0,0,0,0,0,-inf,-365.6389709020426,False,0.0,1.0
211,0,0,3,0,5,0,0,0,3,0,0,0,0,14,0,0,3,0,0,0,7,0,0,0,5,0,0,0,0,0,0,0,0,0,0,0,3,0,0,0,0,19,0,0,0,0,0,0,0,2,0,1,0,3,0,-240.37412910300748,-164.81921621296897,False,1.537865135127612e-33,1.0
212,0,0,0,0,0,0,0,0,0,5,0,19,0,0,0,0,0,5,14,0,5,0,0,0,19,14,10,10,5,5,10,14,0,14,10,5,0,0,0,10,0,14,0,0,5,0,0,10,0,4,0,0,0,0,0,-769.4938984105326,-238.50822872175533,False,0.0,1.0
213,3,0,3,0,0,0,0,0,0,0,0,3,6,0,0,0,0,0,16,0,0,0,0,0,8,3,0,0,0,0,0,0,0,0,0,0,0,0,0,3,0,0,0,0,0,0,0,0,2,1,0,1,0,0,0,-129.70176217800915,-90.01398086074592,False,5.805178457032878e-18,1.0
214,0,0,0,0,0,0,0,0,0,0,0,36,0,0,0,0,0,0,0,0,0,0,0,0,36,36,0,0,0,0,0,0,0,0,0,0,0,0,0,0,0,0,0,0,0,0,0,0,0,0,0,0,0,0,0,-482.32015755244464,-191.85169341270048,False,7.098210219435309e-127,1.0
215,0,0,0,0,0,0,0,0,0,0,0,0,0,0,0,0,0,0,19,0,0,0,0,0,37,19,19,19,19,19,19,19,0,19,19,19,0,0,0,19,0,0,0,0,0,0,0,0,0,6,0,0,0,0,0,-1275.6942000871995,-429.08008309587825,False,0.0,1.0
216,0,0,0,0,0,0,0,0,0,0,0,0,0,0,0,0,0,0,39,0,0,0,0,0,0,0,0,0,39,0,0,0,0,0,39,0,0,0,0,0,0,39,0,0,0,0,0,0,0,0,0,0,0,8,0,-788.7276307619222,-375.9890585181737,False,0.0,1.0
217,0,1,0,0,0,0,0,2,0,0,0,3,0,0,0,0,1,1,1,0,0,0,0,0,3,2,0,1,0,1,0,0,1,0,0,2,5,0,0,0,0,0,0,1,1,2,0,4,0,2,0,0,0,0,0,-155.32470920321813,-89.27740473368381,False,2.070237277030634e-29,1.0
218,0,0,15,0,0,8,0,0,0,0,0,0,0,0,0,0,0,0,0,0,0,0,0,0,0,0,0,0,0,0,0,0,8,0,0,0,0,0,0,0,0,0,0,0,0,0,0,0,0,2,0,0,0,0,0,-148.0506773764573,-138.49659762462514,False,7.090634326268144e-05,0.9999290936567373
219,0,0,0,0,0,0,0,0,0,0,0,0,0,0,0,0,0,0,0,0,0,0,0,0,0,0,0,0,0,0,0,0,0,0,0,0,0,0,0,0,0,0,0,0,0,0,0,0,0,0,0,0,0,0,0,-111.38834380103528,-99.24975212529341,False,5.349020891298992e-06,0.9999946509791087
220,0,0,0,0,0,0,0,0,0,0,0,6,6,0,0,0,0,0,12,0,24,0,0,0,12,6,12,6,6,6,6,6,0,6,6,6,6,0,6,6,0,0,6,6,6,0,0,0,0,4,0,0,0,0,0,-507.404220330026,-159.5784454641291,False,8.733439418642863e-152,1.0
221,0,0,0,0,0,0,0,0,0,0,0,0,0,0,0,0,0,0,0,0,0,0,0,0,0,0,250,0,0,0,0,0,0,0,0,0,0,0,0,0,0,0,0,0,0,0,0,0,0,0,0,0,0,0,0,-inf,-597.0514461480741,False,0.0,1.0
222,0,0,0,0,0,0,0,0,0,0,0,0,0,0,0,0,0,0,0,0,0,0,0,0,125,0,0,0,0,0,0,0,0,0,0,0,0,0,0,0,0,0,0,0,0,0,0,0,0,0,0,12,0,0,0,-795.0518372844631,-321.73054184429054,False,0.0,1.0
223,0,0,2,0,3,0,0,2,2,0,2,28,0,0,0,0,0,5,17,0,0,0,0,0,5,2,0,0,0,0,0,0,2,0,0,2,2,0,0,0,0,0,0,2,0,0,0,0,1,1,0,0,0,0,0,-137.82822617103636,-111.38610205000202,False,3.2834575388472704e-12,0.9999999999967165
224,0,0,0,0,0,0,0,0,0,0,0,0,0,0,0,0,0,0,0,0,0,0,0,0,0,0,20,0,20,0,0,0,20,0,0,0,0,0,0,0,0,0,0,0,0,0,0,0,0,4,0,0,0,4,0,-436.82062585387587,-165.09954618775052,False,9.840892421228781e-119,1.0
225,0,0,0,0,0,0,0,0,0,25,0,0,0,0,0,0,0,0,25,0,25,0,0,0,0,0,0,0,0,0,0,0,0,0,0,0,0,0,0,0,0,0,0,0,0,0,0,0,0,0,0,0,0,0,0,-108.56189613954237,-158.08120977660107,True,1.0,3.119143387420704e-22
226,0,0,3,0,0,0,0,0,0,0,0,0,0,0,0,0,0,0,0,0,0,0,0,0,0,0,0,0,0,0,0,0,0,0,0,0,0,3,0,0,0,0,0,0,3,0,0,0,1,4,1,0,0,0,0,-124.89902560723095,-105.41821759695073,False,3.4641171977690386e-09,0.9999999965358829
227,0,0,0,0,0,0,0,0,0,0,0,0,0,0,0,0,0,0,0,0,0,0,0,0,84,42,42,42,42,42,42,42,0,42,42,42,0,0,0,42,0,0,0,0,0,0,0,0,0,11,0,0,0,0,0,-3068.0066958399757,-1257.2666217582478,False,,
228,0,0,0,0,0,0,0,0,0,0,0,0,0,0,0,0,0,0,34,0,0,0,0,0,0,0,0,0,0,0,0,0,0,0,0,0,0,0,0,0,0,0,0,0,0,0,0,0,0,0,0,0,0,0,0,-93.44167028708996,-100.88632217545677,True,0.9994157819532721,0.0005842180467280537
229,0,0,4,0,4,0,0,0,0,13,0,0,0,0,0,0,0,0,4,0,0,0,0,0,29,13,20,7,7,7,7,7,0,7,7,7,10,0,10,7,0,0,10,0,10,0,0,0,1,6,3,0,1,0,0,-772.6700816566606,-222.3292109923326,False,0.0,1.0
230,0,0,6,0,0,0,0,0,0,0,0,6,0,0,0,0,0,0,6,0,6,0,0,0,6,0,0,0,0,0,0,0,12,0,0,0,0,0,0,0,0,0,0,18,0,0,0,0,0,1,0,0,0,0,0,-227.13237219088353,-124.46751360534844,False,2.589514999243549e-45,1.0
231,0,3,2,0,4,0,0,2,0,4,3,4,2,0,0,0,2,0,4,0,2,0,2,0,26,0,0,0,0,3,0,0,2,0,0,0,2,0,0,0,0,0,0,0,0,0,0,0,1,1,0,1,0,0,0,-206.06378635368435,-105.90286354485762,False,3.1671156462400124e-44,1.0
232,0,0,0,0,0,6,0,0,0,0,0,0,0,0,0,0,0,0,6,0,0,0,0,0,0,0,0,0,0,0,0,0,0,0,6,0,0,0,0,0,0,6,0,24,0,0,0,0,1,2,0,1,0,0,0,-268.50239733890663,-154.2462107268701,False,2.394245231248091e-50,1.0
233,1,0,2,0,0,0,0,0,9,0,0,3,0,0,0,1,0,0,4,0,2,0,0,0,5,6,1,0,0,0,0,0,8,0,0,0,2,0,0,0,0,0,0,0,1,0,0,0,3,2,1,0,1,0,0,-169.90192898660152,-105.85289978391698,False,1.5270738702777211e-28,1.0
234,0,0,0,0,0,0,0,0,0,24,0,48,0,0,0,0,0,0,0,0,0,0,0,0,0,0,0,0,0,0,0,0,0,0,0,0,0,0,0,0,0,0,0,0,0,0,0,0,0,0,0,5,0,0,0,-187.1990800297768,-202.31319734162594,True,0.999999727088313,2.729116870484525e-07
235,0,0,14,0,0,0,0,0,0,0,0,27,0,0,0,0,0,0,53,0,14,0,0,0,14,0,0,0,0,14,0,0,0,0,0,0,0,0,0,0,0,14,0,0,0,0,0,0,0,3,0,0,0,0,0,-300.54791623626755,-187.09708592702052,False,5.357108338687248e-50,1.0
236,0,3,4,0,3,2,0,0,0,0,2,5,0,0,0,0,0,0,5,0,2,2,0,0,2,2,0,0,0,0,0,0,2,0,0,0,0,0,2,0,0,0,0,0,7,0,0,0,1,3,0,0,0,0,0,-111.94137721856596,-84.87630950020609,False,1.7611260358510814e-12,0.9999999999982389
237,3,6,3,0,3,0,0,3,33,9,3,9,0,0,0,0,0,9,18,3,27,0,0,0,3,3,3,0,0,0,0,0,0,0,0,0,3,0,0,0,0,0,0,0,0,0,0,0,1,2,0,2,3,2,0,-180.79576856923893,-263.7497185525271,True,1.0,9.409299017755281e-37
238,0,0,23,0,0,0,0,0,0,0,0,0,0,0,0,0,0,0,0,0,0,0,0,0,23,15,0,8,0,0,0,0,0,0,8,0,0,0,0,0,0,0,0,0,8,0,0,0,0,4,0,0,0,0,0,-348.7260425919646,-151.2364017194303,False,1.703486656255258e-86,1.0
239,0,0,0,0,0,0,0,0,0,0,0,0,0,0,0,0,0,0,33,0,0,0,0,0,0,0,0,0,0,0,0,0,0,0,0,0,0,0,0,0,0,0,0,0,13,0,0,0,0,3,0,2,0,0,0,-109.28958907689719,-103.82906599729789,False,0.004233334072414333,0.9957666659275856
240,0,0,0,0,0,0,0,0,0,5,0,0,0,0,0,0,0,0,5,0,14,0,0,0,14,14,14,14,9,5,5,5,0,5,14,5,5,0,5,5,0,5,5,0,5,0,0,0,0,4,5,0,0,1,0,-630.4834808330215,-177.31863559638484,False,1.5595823845172986e-197,1.0
241,0,0,0,0,0,0,0,0,0,0,0,0,0,0,0,0,0,0,65,0,0,0,0,0,0,0,0,0,0,0,0,0,0,0,0,0,0,0,0,0,0,0,0,0,33,0,0,0,0,0,0,0,0,0,0,-190.95931525398842,-179.63420982324809,False,1.2066017871143223e-05,0.9999879339821288
242,6,0,0,0,0,0,0,0,0,0,0,6,0,0,0,0,0,0,6,0,0,0,0,0,18,12,18,6,6,6,6,6,18,6,6,6,6,0,6,6,0,0,6,0,6,0,0,0,0,5,0,2,0,0,0,-658.6738089847578,-174.47532071543964,False,5.191207621209794e-211,1.0
243,0,0,0,0,0,0,0,0,0,0,0,0,0,0,0,0,0,0,0,0,0,0,0,0,0,0,0,0,0,0,0,0,0,0,0,0,0,0,0,0,0,0,0,0,0,0,0,0,0,0,0,0,0,0,0,-111.38834380103528,-99.24975212529341,False,5.349020891298992e-06,0.9999946509791087
244,0,0,0,0,0,0,0,0,0,0,0,0,0,0,0,0,0,0,0,0,0,0,0,0,0,0,200,0,0,0,0,0,0,0,0,0,0,0,0,0,0,0,0,0,0,0,0,0,0,0,0,0,0,0,0,-inf,-453.643049761661,False,0.0,1.0
245,1,0,3,0,0,0,0,3,4,1,0,11,3,0,0,1,3,0,0,0,0,0,3,0,35,1,0,0,1,1,0,0,0,0,0,3,3,0,0,1,0,0,0,3,0,0,0,0,1,2,0,0,1,0,0,-285.24990940320816,-139.15610780297027,False,3.566712671903255e-64,1.0
246,0,55,0,0,0,0,0,0,0,0,0,14,0,0,0,0,0,0,14,0,28,0,0,0,0,0,28,0,0,0,0,0,0,0,0,0,14,0,0,0,0,0,14,0,14,0,0,0,0,0,0,0,0,3,0,-511.1692435288874,-287.3037979589742,False,5.976849224074404e-98,1.0
247,0,0,0,0,0,0,0,0,0,0,0,0,0,0,0,0,0,0,30,0,0,0,0,0,0,0,59,0,0,0,0,0,0,0,0,0,30,0,0,0,0,0,0,0,30,0,0,0,0,0,0,0,0,0,0,-641.7743061422937,-214.97646733336282,False,4.406093582589965e-186,1.0
248,0,3,0,0,0,0,0,0,0,6,8,3,0,0,0,0,0,0,11,0,6,0,0,0,3,6,0,0,0,0,0,0,0,0,0,0,0,0,0,0,0,0,0,0,0,0,0,0,0,2,0,3,0,0,0,-114.02924336592037,-100.51422193990923,False,1.350517404254534e-06,0.9999986494825958
249,0,0,0,0,0,0,0,0,0,0,0,0,0,0,0,0,0,0,34,0,67,0,0,0,0,0,0,0,0,0,0,0,0,0,0,0,0,0,0,0,0,0,0,0,0,0,0,0,0,0,0,0,0,0,0,-134.02852575008876,-218.43080214243068,True,1.0,2.2108389269170417e-37
250,0,0,0,0,0,0,0,0,0,0,0,0,0,0,0,37,0,0,37,0,0,0,0,0,0,0,0,0,0,0,0,0,0,0,0,0,0,0,0,0,0,0,0,0,0,0,0,0,0,0,0,0,0,0,0,-131.93138228191052,-212.02858917469516,True,1.0,1.6376648611214218e-35
251,0,0,0,0,0,0,0,0,0,0,0,0,0,0,0,0,0,0,46,0,91,0,0,0,0,0,0,0,0,0,0,0,0,0,0,0,0,0,0,0,0,0,0,0,0,0,0,0,0,0,0,0,0,0,0,-182.21730014348523,-301.04723695437707,True,1.0,2.47066667912756e-52
252,0,0,0,0,0,0,0,0,0,0,0,0,0,0,0,0,0,0,0,0,0,0,0,0,0,0,6,0,6,0,0,0,0,0,0,0,0,0,0,0,0,0,0,0,0,0,0,0,0,5,2,0,0,1,0,-182.5793925992333,-100.41677033801857,False,2.0759960997545092e-36,1.0
253,0,3,0,0,6,0,0,0,3,0,0,6,0,0,0,0,0,6,35,0,12,0,0,0,6,6,17,0,0,0,0,0,0,0,0,0,0,0,0,0,0,0,6,0,9,0,0,0,1,3,1,0,0,0,0,-245.81320249182917,-104.01958970285344,False,2.6291562484983783e-62,1.0
254,0,0,0,0,12,0,0,0,0,12,0,0,0,0,0,0,0,0,24,0,0,0,0,0,0,0,12,12,0,0,0,0,0,0,0,0,0,0,0,0,0,0,0,0,0,0,0,0,0,0,0,0,0,0,0,-200.90794229516888,-119.11671368700956,False,3.009682945904686e-36,1.0
255,0,0,0,0,0,0,0,0,0,0,0,0,0,0,0,0,0,0,0,0,0,0,0,0,0,0,0,0,0,0,0,0,0,0,0,0,0,0,0,0,0,0,0,0,0,0,0,0,0,4,0,0,0,0,0,-113.1420259981766,-99.99978875186062,False,1.9606407851392848e-06,0.9999980393592149
256,0,0,0,0,0,0,0,0,0,0,0,58,0,0,0,0,0,0,0,0,0,0,0,0,0,0,0,0,0,0,0,0,0,0,0,0,0,0,0,0,0,0,0,0,0,0,0,0,0,0,0,0,0,0,0,-189.3337617586353,-179.90990894765278,False,8.076768731164459e-05,0.9999192323126884
257,0,0,0,0,0,0,0,0,0,0,0,0,0,0,0,0,0,0,0,0,0,0,0,0,0,0,48,0,0,0,0,0,0,0,0,0,0,0,0,0,0,0,0,0,0,0,0,0,0,0,0,0,0,0,0,-421.90938013184876,-117.91655042596211,False,9.497111144616992e-133,1.0
258,20,0,0,0,0,0,0,0,0,0,20,20,0,0,0,0,0,0,20,0,80,0,0,0,0,0,0,0,0,0,0,0,0,0,0,0,0,0,0,0,0,0,0,0,0,0,0,0,0,0,0,0,0,0,0,-229.49570160872756,-368.7703207878566,True,1.0,3.2643853588554756e-61
259,0,0,4,0,4,0,0,0,0,0,0,4,0,0,0,0,0,0,0,0,0,0,0,0,63,56,0,0,0,0,0,0,0,0,0,0,15,0,0,0,0,0,0,0,0,0,0,0,3,8,2,0,0,0,0,-767.4160354465236,-276.39547419824993,False,0.0,1.0
260,0,0,0,0,0,0,0,0,0,0,0,6,6,0,0,0,0,0,6,0,0,0,0,0,0,0,0,0,0,0,0,0,0,0,0,6,0,0,6,0,0,27,0,6,0,0,0,0,0,1,0,1,0,0,0,-303.6705897296925,-152.01368557481746,False,1.3684955294371856e-66,1.0
261,0,0,0,0,0,0,0,0,0,0,0,0,0,0,0,0,0,0,4,0,0,0,0,0,0,0,0,0,0,0,0,0,0,0,0,0,0,0,0,0,0,0,0,0,0,7,0,4,0,1,0,0,0,0,0,-139.85291692907796,-97.81879383178239,False,5.556640336445702e-19,1.0
262,0,0,0,0,0,0,0,0,0,0,0,13,0,0,0,0,0,0,0,0,0,0,0,0,0,0,0,0,0,0,0,0,63,0,0,0,0,0,0,0,0,0,0,0,0,0,0,0,0,0,0,0,0,0,0,-420.1442192261123,-269.9452068850479,False,5.880276570140997e-66,1.0
263,0,0,0,0,0,0,0,0,0,0,0,0,0,0,0,0,0,0,0,0,0,0,0,0,96,48,48,48,48,48,48,48,0,48,48,48,0,0,0,48,0,0,0,0,0,0,0,0,0,13,0,0,0,0,0,-3551.944249294181,-1503.7939530896222,False,,
264,0,4,2,0,2,1,0,0,0,0,0,3,0,0,3,0,0,3,9,0,3,0,0,0,5,5,0,0,0,0,0,0,0,0,0,0,2,0,0,0,48,0,1,0,1,58,0,0,14,1,0,1,0,0,0,-784.4377552994848,-386.9311986788678,False,0.0,1.0
265,1,0,2,0,3,1,0,2,0,1,0,12,1,2,0,0,6,0,0,6,1,0,4,0,33,0,0,0,0,0,0,0,1,0,0,2,2,0,0,0,0,0,0,1,0,0,0,0,1,2,0,0,1,0,0,-254.10335574519678,-157.95850914601982,False,1.7572099694207232e-42,1.0
266,0,0,0,0,7,0,0,0,0,7,0,0,0,0,7,0,0,0,7,0,0,0,0,0,28,28,21,21,7,7,7,7,0,7,21,7,7,0,7,7,0,0,7,7,7,0,0,0,0,9,7,0,0,0,0,-990.1600639508374,-317.1808277288537,False,0.0,1.0
267,0,0,5,0,5,2,0,0,0,0,0,16,2,0,0,0,3,0,2,0,2,0,0,0,32,0,2,0,13,5,0,0,0,0,0,6,3,0,2,0,0,0,2,0,2,0,0,0,1,1,1,0,0,0,0,-367.2007119310758,-134.2135639968867,False,6.530813740384792e-102,1.0
268,0,0,0,0,0,0,0,0,0,0,0,48,0,0,0,0,0,0,0,0,0,0,0,0,0,0,0,0,0,0,0,0,0,0,0,0,0,0,0,0,0,0,0,0,0,0,0,0,0,0,0,8,0,0,0,-164.2701082557379,-165.94478044453484,True,0.842197751530003,0.15780224846999708
269,0,0,0,0,4,0,0,0,0,7,0,0,0,0,0,0,0,0,7,0,4,0,0,0,77,27,0,0,0,0,0,0,4,0,0,0,14,0,0,0,24,4,0,4,0,0,0,0,4,6,2,0,0,0,0,-874.5184177783315,-299.8582144707499,False,0.0,1.0
270,0,0,0,0,0,0,0,0,0,0,0,11,0,0,0,0,0,0,11,0,0,0,0,0,32,11,0,0,0,0,0,0,0,0,0,0,11,0,22,0,0,0,0,0,0,0,0,0,0,2,0,2,0,0,0,-391.7936953476729,-150.74997912183204,False,2.0703517875903053e-105,1.0
271,0,0,0,0,0,0,0,0,0,0,0,0,0,0,0,0,0,0,0,0,0,0,0,0,0,0,0,0,0,0,0,0,0,0,0,0,0,0,0,0,0,37,0,0,0,0,0,0,0,0,0,6,0,0,0,-323.5503836914658,-174.28154399857308,False,1.490618823795441e-65,1.0
272,0,0,0,0,0,0,0,0,0,0,0,0,0,0,0,0,0,0,91,0,0,0,0,0,0,0,91,0,0,0,0,0,0,0,0,0,0,0,0,0,0,0,0,0,91,0,0,0,0,0,0,0,0,0,0,-1054.8463081061211,-471.1290793797312,False,0.0,1.0
273,0,0,0,0,0,0,0,0,0,0,0,0,0,0,0,0,0,0,81,0,0,0,0,0,0,0,0,0,0,0,0,0,0,0,0,0,0,0,0,0,0,0,0,0,27,0,0,0,0,0,0,0,0,0,0,-191.0943491353725,-195.61173072155023,True,0.9892003331518735,0.010799666848126417
274,3,0,2,0,9,0,0,0,0,0,0,6,5,0,0,0,0,0,13,0,11,0,0,0,17,9,2,2,2,2,2,2,0,2,2,2,5,0,0,2,0,5,2,0,5,0,0,3,1,2,1,1,0,0,0,-294.295628352067,-99.34734454401136,False,2.1628982320919327e-85,1.0
275,0,0,12,0,0,0,0,0,0,0,0,24,0,0,0,0,0,35,0,0,12,0,0,0,24,12,0,12,0,12,12,0,0,0,12,12,0,0,12,0,0,0,0,0,0,0,0,0,0,2,0,2,0,0,0,-593.2827069652532,-311.9345745411831,False,6.487219523577922e-123,1.0
276,0,0,12,0,0,0,0,0,0,0,0,0,0,0,0,0,0,12,0,0,12,0,0,0,48,24,0,12,0,12,12,0,0,0,12,12,0,0,0,0,0,0,0,0,0,0,0,0,0,3,0,3,0,2,0,-681.9549376209759,-264.2236697583064,False,3.8160622343570563e-182,1.0
277,0,0,0,0,0,0,0,0,0,0,0,0,0,0,0,0,0,0,24,0,11,0,0,0,7,17,11,4,0,7,0,0,0,0,4,0,4,0,0,0,11,0,4,0,11,11,0,0,0,2,0,0,0,0,0,-433.75198171546054,-123.60807701988887,False,2.0240143850224423e-135,1.0
278,0,0,7,0,0,0,0,0,0,0,0,0,0,0,0,0,0,0,7,0,0,0,0,0,0,0,0,0,0,0,0,0,0,0,0,0,0,0,0,0,0,0,0,0,0,0,0,0,0,6,0,3,0,0,0,-97.36351922066095,-97.0342500215183,False,0.4184184488813742,0.5815815511186258
279,0,0,0,0,0,0,0,0,0,0,0,0,0,0,0,0,0,0,0,0,53,0,0,0,0,0,0,0,0,0,0,0,0,0,0,0,0,0,0,0,0,0,0,0,53,0,0,0,0,0,0,0,0,0,0,-273.80533404538124,-263.9260559508185,False,5.122262041553105e-05,0.9999487773795845
280,0,0,0,0,0,0,0,0,0,0,0,0,0,0,0,0,0,0,0,0,0,0,0,0,0,0,0,0,0,0,0,0,0,0,0,0,0,0,0,0,0,0,0,0,0,0,0,0,0,0,0,0,0,0,0,-111.38834380103528,-99.24975212529341,False,5.349020891298992e-06,0.9999946509791087
281,0,0,0,0,0,0,7,0,0,0,0,0,0,0,0,0,0,0,34,0,7,0,0,0,0,0,7,0,0,0,0,0,0,0,0,0,0,0,0,0,0,0,0,0,14,0,0,0,0,0,0,0,0,0,0,-141.9369979828409,-118.62085858888184,False,7.480477515360084e-11,0.9999999999251953
282,4,0,4,0,6,0,0,0,0,0,0,2,0,0,0,0,0,2,6,0,2,0,0,0,14,0,0,4,0,0,0,0,6,0,4,0,2,0,0,0,0,0,0,0,4,2,0,0,0,2,0,0,0,0,0,-183.62643946117154,-86.8155603635646,False,9.02753996453798e-43,1.0
283,1,1,1,0,4,1,0,0,0,1,0,4,1,0,0,1,1,0,9,1,7,0,0,1,15,4,0,1,0,3,1,0,0,0,1,2,3,0,4,0,0,0,0,0,1,0,0,2,1,2,0,1,1,1,0,-180.14003626041978,-83.62267656544527,False,1.2107187733128498e-42,1.0
284,0,0,0,0,0,0,0,0,0,0,0,10,0,0,0,20,0,0,39,0,0,0,0,0,0,0,29,0,0,0,0,0,0,0,0,0,10,0,0,0,0,0,0,0,10,0,0,0,4,0,0,2,0,0,0,-321.2887833997741,-162.38289525217488,False,9.728584055135039e-70,1.0
285,0,0,16,0,11,0,0,0,0,0,0,0,0,0,0,0,0,0,0,0,0,0,0,0,11,0,0,0,0,22,0,0,0,0,16,0,6,0,0,0,0,0,0,0,0,0,0,0,0,3,0,0,0,0,0,-342.9104163706898,-181.91167579146648,False,1.1998732549730345e-70,1.0
286,0,0,0,0,0,0,0,0,0,0,0,14,0,0,0,14,0,0,0,0,0,0,0,0,0,0,0,0,0,0,0,0,0,0,0,0,14,0,14,0,0,0,0,0,0,0,0,0,0,0,0,0,0,0,0,-203.8777494817381,-164.98536341266967,False,1.2860307177820388e-17,1.0
287,1,0,2,0,1,1,0,0,4,0,0,2,0,0,1,0,0,1,2,0,1,0,0,0,5,6,1,0,0,0,0,0,2,0,0,0,4,0,0,0,0,0,0,0,0,0,0,1,3,2,1,0,1,0,0,-154.82658789936337,-94.10476319722628,False,4.254481120249972e-27,1.0
288,0,0,0,0,48,0,0,0,0,0,0,0,0,0,0,0,0,0,0,0,0,0,0,0,0,0,0,0,48,0,0,0,0,0,0,0,0,0,0,0,0,48,0,0,0,0,0,0,0,0,0,0,0,0,0,-776.3638846804417,-426.0094727153204,False,0.0,1.0
289,0,0,8,0,0,0,0,0,0,0,0,0,0,0,0,0,0,8,0,0,0,0,0,0,30,19,0,19,0,8,8,0,0,0,15,8,4,0,0,0,0,0,4,0,0,0,0,0,0,2,1,1,0,0,0,-569.5743992003582,-209.53718635050336,False,4.3433535200714626e-157,1.0
290,0,0,10,0,0,0,0,0,0,0,0,10,0,0,0,0,0,0,19,0,10,0,0,0,15,10,0,0,0,5,0,0,0,0,0,0,0,0,0,0,0,0,0,0,0,0,0,0,0,0,0,0,0,0,0,-190.19527439004187,-92.85071332774034,False,5.294126171486514e-43,1.0
291,0,0,0,0,0,0,0,0,0,0,0,0,0,0,0,0,0,0,59,0,0,0,0,0,0,0,0,0,0,0,0,0,0,0,0,0,0,0,0,0,0,0,0,0,0,0,0,0,0,0,0,0,0,0,0,-111.04595243610193,-132.8869632098429,True,0.9999999996729836,3.2701640631656143e-10
292,0,0,3,0,3,0,0,0,0,0,0,21,0,0,0,0,0,0,0,0,0,0,0,0,0,0,0,0,0,0,0,0,0,0,0,0,6,0,0,0,0,0,0,0,0,0,0,0,0,2,0,0,0,0,0,-125.00196019046118,-109.29432620674615,False,1.5075133668699181e-07,0.9999998492486633
293,0,0,0,0,0,0,0,0,0,0,0,0,0,0,0,0,0,0,0,0,0,0,0,0,0,0,52,0,0,0,0,0,0,0,0,26,26,0,0,0,0,0,0,0,26,0,0,26,0,0,0,4,0,0,0,-816.2701970616602,-317.65170475524565,False,0.0,1.0
294,1,0,5,0,2,1,0,0,6,0,0,2,0,0,0,0,0,1,2,0,2,0,0,0,7,7,1,0,0,0,0,0,12,0,0,0,9,1,0,0,0,0,0,0,0,0,0,0,3,2,1,0,1,0,0,-215.67581126085483,-119.12964003774894,False,1.1763338351796007e-42,1.0
295,0,0,0,0,0,0,0,0,0,0,0,0,0,0,0,0,0,0,0,0,0,0,0,0,0,0,50,0,0,0,0,0,0,0,0,0,0,0,0,0,0,0,0,0,0,0,0,0,0,0,0,0,0,0,0,-435.888018414588,-120.63519636214245,False,1.223035260862516e-137,1.0
296,0,0,0,0,0,0,0,0,0,0,0,0,0,0,0,0,0,0,0,0,0,0,0,0,0,0,0,0,0,0,0,0,0,0,0,0,0,0,0,0,0,0,0,0,0,0,0,0,0,6,0,0,0,0,0,-115.82846558283018,-102.1856756836375,False,1.1885326395345128e-06,0.9999988114673605
297,0,0,0,0,12,0,0,0,0,0,0,12,0,0,0,0,0,0,0,0,0,0,0,0,36,36,0,0,36,0,0,0,0,0,0,0,12,0,0,0,0,36,0,0,12,0,0,0,0,0,0,0,0,0,0,-936.1908688667319,-327.69259951849364,False,0.0,1.0
298,0,0,3,0,0,0,0,0,0,0,0,3,3,0,0,0,0,0,41,0,41,0,0,0,8,8,0,0,3,0,0,0,0,0,0,0,0,0,0,0,0,0,0,0,0,0,3,0,0,2,0,0,0,0,0,-180.52852100006393,-160.75106475365325,False,2.5748971407056533e-09,0.9999999974251029
299,0,0,0,0,0,0,0,0,0,0,0,13,0,0,0,7,7,0,7,0,0,0,0,0,19,7,0,0,0,0,0,0,0,0,0,7,0,0,0,0,0,0,0,7,0,0,0,0,0,2,0,2,0,0,0,-235.02507816548953,-120.58168805752247,False,1.9854876306635184e-50,1.0
300,0,0,0,0,7,7,0,0,0,0,0,25,0,0,0,0,0,0,0,0,0,0,0,0,0,0,7,0,0,0,0,0,0,0,0,0,0,0,0,0,0,13,0,0,0,0,0,0,3,3,0,0,0,0,0,-234.6988229686198,-138.00267820047665,False,1.0125067003504921e-42,1.0
301,1,0,1,0,0,0,0,0,6,0,0,3,0,0,0,0,0,1,3,0,2,0,0,0,7,8,1,0,0,0,0,0,6,0,0,0,8,0,0,0,0,0,0,0,0,0,0,0,2,2,1,0,1,0,0,-189.60807742648436,-100.62638733524773,False,2.268522039512992e-39,1.0
302,0,0,0,0,0,0,0,0,0,0,0,18,0,0,0,0,0,0,0,0,0,0,0,0,35,18,18,18,18,18,18,18,0,18,18,18,0,0,0,18,0,0,0,0,0,0,0,0,0,5,0,0,0,0,0,-1227.033472278585,-413.4635818840639,False,0.0,1.0
303,0,0,0,0,0,0,0,0,0,0,0,0,0,0,0,0,0,0,0,0,0,0,0,0,0,0,0,0,0,0,0,0,0,0,0,0,0,0,0,0,0,0,0,0,0,0,0,0,0,8,0,0,0,0,0,-119.1373467810193,-104.99484952774124,False,7.210928169081338e-07,0.9999992789071831
304,0,0,0,0,0,0,0,0,0,0,0,0,0,0,0,0,0,0,143,0,72,0,0,0,0,0,0,0,0,0,0,0,0,0,0,0,0,0,0,0,0,0,0,0,72,0,0,0,0,0,0,0,0,0,0,-495.8829153756598,-569.3462657757759,True,1.0,1.2452951569734567e-32
305,0,0,0,0,0,0,0,0,0,8,0,0,0,0,0,0,0,0,0,0,0,0,0,0,0,0,8,0,8,0,0,0,0,0,0,0,0,0,0,0,0,0,0,0,0,0,0,0,0,5,2,0,0,2,0,-207.67834788598753,-110.56263152791898,False,6.6554937449675306e-43,1.0
306,0,0,0,0,0,0,0,0,0,0,0,0,0,0,0,0,0,0,0,0,0,0,0,0,0,0,0,0,0,0,0,0,0,0,0,0,0,0,0,0,0,0,0,0,0,0,0,0,0,7,0,0,0,0,0,-117.41635448090544,-103.52360531046799,False,9.256680942325152e-07,0.9999990743319057
307,0,0,0,0,4,0,0,0,0,0,0,21,0,0,0,0,0,0,25,0,9,0,0,0,13,33,0,0,0,4,0,0,0,0,0,0,0,0,0,0,0,0,0,4,0,0,0,0,0,2,0,1,0,0,0,-319.6156691608995,-134.91675179444562,False,6.113351599411516e-81,1.0
308,0,143,0,0,0,0,0,0,0,0,0,0,0,0,0,0,0,0,0,0,0,0,0,0,0,0,0,0,0,0,0,0,0,0,0,0,0,0,0,0,0,0,0,0,0,0,0,0,0,0,0,0,0,0,0,-598.090201928448,-543.1885948494411,False,1.4339532676662296e-24,1.0
309,1,0,4,0,2,0,0,1,1,0,2,7,0,0,0,1,2,1,6,0,8,0,0,0,20,5,0,0,0,2,2,0,0,0,1,0,2,0,0,0,0,1,0,0,0,0,0,3,1,1,0,0,1,1,0,-204.20667054596368,-92.65703708382225,False,3.585995407713492e-49,1.0
310,0,143,0,0,0,0,0,0,0,0,0,0,0,0,0,0,0,0,0,0,0,0,0,0,0,0,0,0,0,0,0,0,0,0,0,0,0,0,0,0,0,0,0,0,0,0,0,0,0,0,0,0,0,0,0,-598.090201928448,-543.1885948494411,False,1.4339532676662296e-24,1.0
311,0,0,0,0,0,0,0,0,0,0,0,0,0,0,0,0,0,0,26,0,0,0,0,0,0,0,0,0,0,0,0,0,0,0,0,0,0,0,0,0,26,0,0,0,26,26,0,0,0,0,0,0,0,0,0,-438.93003476140376,-220.74195886152646,False,1.7463151415228498e-95,1.0
312,0,143,0,0,0,0,0,0,0,0,0,0,0,0,0,0,0,0,0,0,0,0,0,0,0,0,0,0,0,0,0,0,0,0,0,0,0,0,0,0,0,0,0,0,0,0,0,0,0,0,0,0,0,0,0,-598.090201928448,-543.1885948494411,False,1.4339532676662296e-24,1.0
313,0,143,0,0,0,0,0,0,0,0,0,0,0,0,0,0,0,0,0,0,0,0,0,0,0,0,0,0,0,0,0,0,0,0,0,0,0,0,0,0,0,0,0,0,0,0,0,0,0,0,0,0,0,0,0,-598.090201928448,-543.1885948494411,False,1.4339532676662296e-24,1.0
314,0,143,0,0,0,0,0,0,0,0,0,0,0,0,0,0,0,0,0,0,0,0,0,0,0,0,0,0,0,0,0,0,0,0,0,0,0,0,0,0,0,0,0,0,0,0,0,0,0,0,0,0,0,0,0,-598.090201928448,-543.1885948494411,False,1.4339532676662296e-24,1.0
315,0,3,0,0,3,0,0,0,0,5,0,3,0,17,0,0,0,0,12,0,0,0,0,0,5,0,3,0,0,0,3,0,0,0,3,0,0,0,0,0,0,0,0,0,0,0,0,0,0,0,0,0,2,0,0,-171.7136159166566,-126.7531823549278,False,2.9780487320640073e-20,1.0
316,0,0,0,0,0,0,0,0,0,0,0,0,0,0,0,0,0,0,0,0,10,0,0,0,10,10,10,20,0,10,0,0,0,0,10,0,0,0,0,0,0,0,0,0,0,0,0,0,0,3,0,0,0,0,0,-382.74717408673195,-130.9719760535181,False,4.522939869988903e-110,1.0
317,0,0,0,0,0,0,0,0,3,0,0,3,0,19,0,0,3,0,6,0,10,0,0,0,0,0,16,0,0,0,0,0,0,0,0,0,0,0,0,0,0,13,0,0,0,0,16,0,0,1,0,0,0,3,0,-375.6720517493803,-225.05253335873033,False,3.8616623328783156e-66,1.0
318,0,0,0,0,15,0,0,0,0,0,0,0,0,0,0,0,0,0,30,0,0,0,0,0,59,0,15,0,0,15,0,0,0,0,15,0,0,0,0,0,0,0,0,0,0,0,0,0,0,0,0,0,0,0,0,-599.5510036352574,-198.6718264330847,False,7.950335044856247e-175,1.0
319,0,0,0,0,0,0,0,0,0,0,0,0,0,0,0,0,0,0,31,0,0,0,0,0,0,0,0,0,0,0,0,0,0,0,31,0,0,0,0,0,0,0,0,0,0,0,0,0,0,0,0,5,0,0,0,-241.020658221834,-163.25173855115355,False,1.6803019192655442e-34,1.0
320,3,0,6,0,0,3,0,0,0,0,0,11,0,0,0,0,0,0,0,0,0,0,0,0,0,3,0,0,0,0,0,0,19,0,0,0,0,0,0,0,0,0,3,0,0,0,0,0,0,1,0,0,0,0,0,-198.1648404772389,-135.9420452558392,False,9.483821837434702e-28,1.0
321,1,1,1,0,3,1,0,0,2,0,0,1,0,1,1,1,0,1,1,0,1,0,0,0,5,5,1,0,0,0,0,0,4,0,0,1,5,0,0,1,0,0,1,0,1,0,0,1,3,2,1,0,1,0,0,-162.20465498865272,-94.18381569377841,False,2.8769004873775688e-30,1.0
322,0,0,0,0,0,0,0,0,0,10,0,0,0,0,0,0,0,0,0,0,0,0,0,0,0,0,10,0,0,0,0,0,0,0,0,0,0,0,0,0,0,0,0,0,0,0,0,0,0,5,2,0,0,0,0,-176.4504748067334,-103.40385364621895,False,1.8891024371565532e-32,1.0
323,0,0,0,0,0,0,0,0,0,0,0,0,0,0,0,0,0,0,0,0,0,0,0,0,0,0,250,0,0,0,0,0,0,0,0,0,0,0,0,0,0,0,0,0,0,0,0,0,0,0,0,0,0,0,0,-inf,-597.0514461480741,False,0.0,1.0
324,0,0,0,0,0,0,0,0,0,0,0,0,0,0,0,0,0,0,0,0,22,0,0,0,22,0,0,43,0,0,0,0,22,0,22,0,0,0,0,0,0,0,0,0,22,0,0,0,0,8,0,0,0,0,0,-613.6412468767772,-304.31728340326816,False,4.59525422485342e-135,1.0
325,0,0,0,0,0,0,0,0,0,0,0,0,0,0,0,0,0,0,0,0,0,0,0,0,0,0,59,59,0,59,0,0,0,0,59,0,0,0,0,0,59,0,0,0,0,59,0,0,0,8,0,0,0,0,0,-2146.341260000177,-914.4422871479371,False,,
326,8,0,0,0,4,0,0,0,0,4,0,0,0,0,0,0,0,0,8,0,4,0,0,4,0,0,4,0,0,0,0,0,0,0,0,0,0,0,0,0,0,0,0,4,0,0,0,0,1,2,0,0,0,0,0,-125.46288746882685,-105.06008062257217,False,1.3777599963465333e-09,0.99999999862224
327,0,0,0,0,17,0,0,0,0,0,0,0,0,0,0,0,0,0,50,0,0,0,0,0,0,0,0,0,0,0,0,0,0,0,0,0,0,0,0,0,0,0,0,0,0,0,0,0,0,0,0,0,0,0,0,-107.86903474041536,-141.65218723593065,True,0.999999999999998,2.128939353071346e-15
328,0,0,0,0,0,0,0,0,0,0,0,6,0,0,0,0,0,0,11,0,6,0,0,0,16,11,16,11,6,6,6,6,0,6,11,6,0,0,0,6,0,0,0,0,6,0,0,0,0,3,0,0,0,5,0,-541.9812995606394,-141.52266953811457,False,1.2106727035114638e-174,1.0
329,0,0,0,0,0,0,0,0,0,0,0,0,0,0,0,0,0,0,0,0,0,0,0,0,0,0,0,0,0,0,0,0,0,0,0,0,0,0,0,0,0,0,0,0,0,0,0,0,0,10,0,0,0,0,0,-122.91897472867518,-108.27761433071575,False,4.3786252932537113e-07,0.9999995621374708
330,0,0,0,0,0,0,0,0,0,0,0,0,0,0,0,0,0,0,0,0,0,0,0,0,0,0,0,0,0,0,0,0,0,0,0,0,0,0,0,0,0,0,0,0,143,0,0,0,0,0,0,0,0,0,0,-629.8123222991985,-461.6240497991922,False,9.052349900795283e-74,1.0
331,8,2,5,0,10,2,2,0,0,30,2,9,0,0,0,0,0,3,9,0,2,0,0,0,0,0,0,0,0,0,0,0,0,0,0,0,0,0,0,2,0,0,0,0,0,0,0,0,0,1,0,0,0,1,0,-124.37004466502724,-176.79504294510383,True,1.0,1.7065245215945375e-23
332,0,0,0,0,0,0,0,0,0,0,0,0,0,0,0,0,0,0,0,0,0,0,0,0,0,0,0,0,0,0,0,0,0,0,0,0,14,0,14,0,14,0,14,0,14,14,0,0,3,0,3,0,0,0,0,-442.1347902625976,-218.25615907035714,False,5.898558040795561e-98,1.0
333,0,0,0,0,0,0,0,0,0,0,0,0,0,0,0,0,0,0,0,0,0,0,0,0,26,26,26,0,0,0,0,0,0,0,0,0,0,0,0,0,0,0,0,0,26,0,0,0,0,0,0,0,0,0,0,-553.3335432251074,-144.81402860041615,False,3.821457629537362e-178,1.0
334,0,0,5,0,0,0,0,0,0,0,0,5,0,0,0,0,0,0,0,0,0,0,5,0,15,20,0,0,15,15,0,0,0,0,0,0,15,0,0,0,0,0,0,5,0,0,0,0,0,0,0,2,1,0,0,-461.67761988159606,-183.27919537722832,False,1.2390831957761365e-121,1.0
335,0,0,0,0,0,0,0,0,0,0,0,0,0,0,0,0,0,0,0,0,0,0,0,0,0,0,0,0,0,0,0,0,0,0,0,0,0,0,0,0,0,0,0,0,0,0,0,0,0,0,28,0,0,0,0,-237.2000019258088,-201.1062754800474,False,2.1119993163442552e-16,0.9999999999999998
336,0,0,0,0,0,0,0,0,0,0,0,0,0,0,0,0,0,0,0,0,0,0,0,0,0,0,0,0,0,0,0,0,0,0,0,0,0,0,0,0,0,0,0,0,0,0,0,0,0,0,0,0,0,0,0,-111.38834380103528,-99.24975212529341,False,5.349020891298992e-06,0.9999946509791087
337,0,0,0,0,0,0,0,0,0,0,0,48,0,0,0,0,0,0,0,0,0,0,0,0,0,0,48,0,0,0,0,0,0,0,0,0,0,0,0,0,0,0,0,48,0,0,0,0,0,7,0,0,0,0,0,-747.5454541461238,-306.6792066478887,False,0.0,1.0
338,1,0,1,0,0,0,0,0,8,0,0,3,0,0,0,0,0,1,4,0,3,0,0,0,9,10,1,0,0,0,0,0,3,0,0,0,0,0,0,0,0,0,0,0,0,0,0,0,2,2,1,0,1,0,0,-179.27991785639583,-98.27316991420875,False,6.595023870179371e-36,1.0
339,0,0,0,0,0,0,0,0,0,0,0,0,0,0,0,0,0,0,0,0,0,0,0,0,56,28,28,28,0,28,0,0,0,0,0,0,0,0,0,0,0,0,0,0,0,0,0,0,0,0,0,0,0,0,0,-938.1949021109872,-273.23459111070093,False,0.0,1.0
340,0,0,0,0,0,0,0,0,0,0,0,15,0,0,0,0,7,0,15,0,15,0,0,0,0,0,7,0,0,0,7,0,0,0,0,0,0,0,0,22,0,0,0,0,0,0,0,0,0,3,1,0,0,0,0,-226.2130141609919,-161.8969572350572,False,1.1692069259446368e-28,1.0
341,0,0,0,0,0,0,0,0,0,0,0,0,0,0,0,0,0,0,0,0,0,0,0,0,0,0,0,0,0,0,0,0,0,0,0,0,0,0,0,0,0,0,0,0,0,0,0,0,0,0,0,0,0,0,0,-111.38834380103528,-99.24975212529341,False,5.349020891298992e-06,0.9999946509791087
342,0,0,0,0,0,0,0,0,0,0,0,0,0,0,0,0,0,0,0,0,0,0,0,0,0,0,27,0,0,0,0,0,0,0,0,0,0,0,0,0,0,0,0,0,0,0,0,0,0,5,0,0,0,0,0,-280.34530724784344,-96.93909835122226,False,2.2268734089529637e-80,1.0
343,0,0,0,0,0,0,0,0,0,0,0,0,0,0,0,0,0,0,0,0,0,0,0,0,0,0,0,0,0,0,0,0,0,0,0,0,0,0,0,0,0,39,0,0,0,0,0,0,0,0,0,0,8,0,0,-344.98280625754086,-199.0194146988262,False,4.063539504292154e-64,1.0
344,0,0,0,0,0,0,0,0,0,6,0,24,0,0,0,6,0,0,18,0,35,0,0,0,0,6,0,0,0,0,0,0,0,0,0,0,0,0,0,0,0,0,0,6,0,0,0,0,0,2,0,1,0,0,0,-141.2007181040289,-156.0753100640703,True,0.9999996532259102,3.4677408988379903e-07
345,0,0,0,0,0,0,0,0,0,0,0,0,14,0,0,0,0,14,29,0,0,0,0,0,0,0,0,0,0,0,0,0,0,0,0,0,0,0,0,0,0,0,0,0,0,0,0,0,0,0,0,0,0,0,0,-119.24908939169323,-152.14102546466304,True,0.9999999999999949,5.190553412023522e-15
346,0,0,0,0,0,0,0,0,0,0,0,0,0,0,0,0,0,0,0,0,0,0,0,0,0,0,0,0,0,0,0,0,0,0,0,0,0,0,0,0,0,0,0,0,56,0,0,0,0,0,0,0,0,0,0,-264.5508933072891,-190.48732354432772,False,6.83282569269064e-33,1.0
347,12,36,0,0,0,0,0,0,0,12,0,12,0,0,0,0,0,36,24,0,36,0,0,0,36,24,0,0,0,0,0,0,0,0,0,0,0,0,0,12,0,0,0,0,0,0,0,0,0,0,0,5,0,0,0,-533.3798798621729,-391.0804830052795,False,1.585466853473205e-62,1.0
348,0,0,0,0,0,0,0,0,0,0,0,17,0,0,0,0,5,0,0,5,0,0,0,0,0,0,0,0,0,0,0,0,0,0,0,5,0,0,0,0,0,0,0,9,0,0,0,0,0,1,0,0,0,0,0,-162.40180303787324,-140.7184108498578,False,3.8284450995931437e-10,0.9999999996171555
349,0,0,0,0,0,0,0,0,0,0,0,0,0,0,0,0,0,0,0,0,0,0,0,0,77,39,39,39,39,39,39,39,0,39,39,39,0,0,0,39,0,0,0,0,0,0,0,0,0,11,0,0,0,0,0,-2824.8186757933277,-1137.7740405092898,False,,
350,0,0,0,0,0,0,0,0,0,20,0,0,0,0,0,0,0,20,20,0,0,0,0,0,0,0,0,20,0,0,0,0,0,0,0,0,0,0,0,0,0,0,0,0,0,0,0,0,0,4,0,0,0,0,0,-200.1194014307196,-193.60735623576798,False,0.0014832353477038103,0.9985167646522962
351,0,0,0,0,0,0,0,0,0,0,0,14,0,0,0,0,7,0,14,0,14,0,0,0,0,0,7,0,0,0,7,0,0,0,0,0,0,0,0,22,0,0,0,0,0,0,0,0,0,3,1,0,0,0,0,-225.63107564957224,-159.54321702192175,False,1.9879601627527465e-29,1.0
352,0,0,0,0,0,0,0,0,0,0,0,0,0,0,0,0,0,0,31,0,0,0,0,0,0,0,31,0,0,0,0,0,0,0,0,0,0,0,0,0,0,0,0,0,31,0,0,0,0,0,0,0,0,0,0,-353.07764437438124,-130.60032404865373,False,2.395120863927359e-97,1.0
353,0,0,0,0,0,0,0,0,0,0,0,0,0,0,0,0,0,0,0,0,0,0,0,0,0,0,0,0,0,0,0,0,0,0,0,0,0,0,0,0,0,0,0,0,0,0,0,0,0,10,0,0,0,0,0,-122.91897472867518,-108.27761433071575,False,4.3786252932537113e-07,0.9999995621374708
354,0,0,0,0,0,0,0,0,0,0,0,0,0,0,0,0,0,0,0,0,0,0,0,9,13,5,0,0,0,0,0,0,0,0,0,0,0,0,0,0,0,0,0,0,9,0,0,0,4,8,0,0,0,0,0,-205.27125187548017,-128.97635013509287,False,7.337450371196499e-34,1.0
355,0,0,3,0,0,0,0,3,0,3,0,0,0,0,0,0,0,3,0,0,0,0,0,0,3,3,0,5,0,0,0,0,3,0,3,0,3,0,0,0,0,0,0,0,0,0,0,0,0,2,0,0,0,0,0,-153.64821071558598,-98.56187097724656,False,1.1920833533646303e-24,1.0
356,0,0,0,0,0,0,0,0,0,0,0,7,0,0,0,0,0,0,7,0,0,0,0,0,0,0,7,0,0,0,0,0,0,0,0,0,0,0,0,0,0,0,0,0,7,0,0,0,0,3,0,0,0,0,0,-137.83904409318887,-75.48091270239463,False,8.283380955716248e-28,1.0
357,0,0,0,0,0,0,0,0,0,0,0,0,0,0,0,0,0,0,22,0,0,0,0,0,55,66,22,11,11,11,11,11,0,11,11,11,0,0,11,11,0,0,0,0,11,0,0,0,0,5,0,0,0,0,0,-1339.1856597245517,-400.4838251515367,False,0.0,1.0
358,0,0,0,0,0,0,0,0,0,0,0,0,0,0,0,0,0,0,0,0,0,0,0,0,0,0,143,0,0,0,0,0,0,0,0,0,0,0,0,0,0,0,0,0,0,0,0,0,0,0,0,0,0,0,0,-inf,-305.64522683790267,False,0.0,1.0
359,0,0,0,0,0,0,0,0,0,0,0,0,0,0,0,0,0,0,0,0,0,0,0,0,0,0,143,0,0,0,0,0,0,0,0,0,0,0,0,0,0,0,0,0,0,0,0,0,0,0,0,0,0,0,0,-inf,-305.64522683790267,False,0.0,1.0
360,0,0,0,0,0,0,0,0,0,0,0,0,0,0,0,0,0,0,0,0,0,0,0,0,0,0,0,0,0,0,0,0,0,0,0,0,0,0,0,0,0,0,0,0,0,0,0,0,0,0,0,0,0,0,0,-111.38834380103528,-99.24975212529341,False,5.349020891298992e-06,0.9999946509791087
361,0,0,0,0,0,0,0,0,0,0,0,0,0,0,0,0,0,0,0,0,0,0,0,0,0,0,0,0,0,0,0,0,0,0,0,0,0,0,0,0,0,0,0,0,0,0,0,0,0,0,0,0,0,0,0,-111.38834380103528,-99.24975212529341,False,5.349020891298992e-06,0.9999946509791087
362,0,0,0,0,0,0,0,0,0,0,0,0,0,0,0,0,0,0,0,0,0,0,0,0,0,0,200,0,0,0,0,0,0,0,0,0,0,0,0,0,0,0,0,0,0,0,0,0,0,0,0,0,0,0,0,-inf,-453.643049761661,False,0.0,1.0
363,0,0,0,0,0,0,0,0,0,0,0,0,0,0,0,0,0,0,0,0,0,0,0,0,0,0,200,0,0,0,0,0,0,0,0,0,0,0,0,0,0,0,0,0,0,0,0,0,0,0,0,0,0,0,0,-inf,-453.643049761661,False,0.0,1.0
364,0,0,0,0,0,0,0,0,0,0,0,0,0,0,0,0,0,0,0,0,0,0,0,0,0,0,200,0,0,0,0,0,0,0,0,0,0,0,0,0,0,0,0,0,0,0,0,0,0,0,0,0,0,0,0,-inf,-453.643049761661,False,0.0,1.0
365,0,0,0,0,0,0,0,0,0,0,0,0,0,0,0,0,0,0,0,0,0,0,0,0,0,0,200,0,0,0,0,0,0,0,0,0,0,0,0,0,0,0,0,0,0,0,0,0,0,0,0,0,0,0,0,-inf,-453.643049761661,False,0.0,1.0
366,0,0,0,0,0,0,0,0,0,0,0,0,0,0,0,0,0,0,0,0,0,0,0,0,0,0,200,0,0,0,0,0,0,0,0,0,0,0,0,0,0,0,0,0,0,0,0,0,0,0,0,0,0,0,0,-inf,-453.643049761661,False,0.0,1.0
367,0,0,0,0,0,0,0,0,0,0,0,0,0,0,0,0,0,0,0,0,0,0,0,0,0,0,200,0,0,0,0,0,0,0,0,0,0,0,0,0,0,0,0,0,0,0,0,0,0,0,0,0,0,0,0,-inf,-453.643049761661,False,0.0,1.0
368,0,0,0,0,0,0,0,0,0,0,0,0,0,0,0,0,0,0,0,0,0,0,0,0,0,0,0,0,0,0,0,0,0,0,0,0,0,0,0,0,0,0,0,0,0,0,0,0,0,0,0,0,0,0,0,-111.38834380103528,-99.24975212529341,False,5.349020891298992e-06,0.9999946509791087
369,0,0,0,0,0,0,0,0,0,0,0,53,0,0,0,0,0,0,0,0,0,0,0,0,27,27,0,0,53,0,0,0,0,0,0,0,0,0,0,0,0,79,0,0,0,0,0,0,0,0,0,0,0,0,0,-1270.7706820375224,-538.2345999960745,False,0.0,1.0
370,0,0,0,0,0,0,0,0,0,0,0,0,0,0,0,0,0,0,0,0,0,0,0,0,0,0,0,0,0,0,0,0,0,0,0,0,0,0,0,0,0,0,0,0,0,0,0,0,0,9,0,18,0,0,0,-126.79422599987576,-138.42721529203436,True,0.9999911314403631,8.868559636811966e-06
371,0,0,0,0,0,0,0,0,8,0,0,0,0,0,0,0,0,0,16,0,0,0,0,0,0,0,0,0,0,0,0,0,0,0,0,0,0,0,0,0,0,0,0,0,8,0,0,0,0,3,0,0,0,0,0,-106.47116387625171,-105.46438764642295,False,0.2676112215151389,0.7323887784848611
372,0,0,0,0,0,0,0,0,0,0,0,0,0,0,0,0,0,0,0,0,0,0,0,0,0,0,0,0,0,0,0,0,0,0,0,0,0,0,0,0,0,0,0,0,0,0,0,0,0,0,0,0,0,0,0,-111.38834380103528,-99.24975212529341,False,5.349020891298992e-06,0.9999946509791087
373,13,0,0,0,0,0,0,0,0,13,0,13,0,0,0,0,0,13,26,0,0,0,0,0,0,0,0,26,0,0,0,0,0,0,0,0,0,0,0,0,13,0,0,0,13,26,0,0,0,0,0,0,0,0,0,-438.1371251688618,-264.5620902252422,False,4.143049554025672e-76,1.0
374,1,0,0,0,0,1,0,6,0,1,0,19,1,1,0,1,3,0,0,0,0,0,0,0,32,0,0,0,0,0,0,0,0,0,0,1,1,0,0,0,0,0,0,1,0,0,0,0,1,2,0,1,1,0,0,-254.3382517139303,-133.86858640430574,False,4.793901642739524e-53,1.0
375,0,0,0,0,0,0,0,7,0,13,0,0,0,0,0,0,0,4,4,0,7,0,0,0,49,43,4,0,0,7,0,0,0,0,0,0,17,0,0,0,10,0,0,0,7,0,0,0,2,6,2,0,0,0,0,-733.175973470101,-261.0685717097535,False,9.254604271946635e-206,1.0
376,0,0,0,0,0,59,0,0,0,0,0,0,0,0,0,0,0,0,0,0,0,0,0,0,0,0,0,0,0,0,0,0,0,0,0,0,0,0,0,0,0,0,0,0,0,0,0,0,0,0,0,0,0,0,0,-259.3942312038877,-326.3773128417831,True,1.0,8.121144982467475e-30
377,0,0,15,0,0,0,0,0,0,0,0,15,0,0,0,0,0,0,15,0,0,0,0,0,0,0,0,0,0,0,0,0,0,0,0,0,0,0,0,0,0,15,0,0,0,0,0,0,0,3,0,3,0,0,0,-174.4877434881478,-124.3769271240369,False,1.726429981330798e-22,1.0
378,0,3,0,0,0,0,0,0,0,0,0,20,0,0,0,0,3,0,14,0,0,0,0,0,9,6,0,0,0,9,0,0,0,0,0,0,0,0,0,0,0,0,0,3,0,0,0,0,2,0,0,0,0,0,0,-198.7343135296399,-100.71048589842317,False,2.6840621310724805e-43,1.0
379,0,0,0,0,17,0,0,0,0,0,0,8,8,0,0,8,0,0,8,0,0,0,0,0,17,17,0,0,0,0,0,0,0,0,0,0,8,0,8,0,0,0,0,0,0,0,0,0,0,0,2,0,0,0,0,-289.8181602513545,-154.86750799560414,False,2.464202512721084e-59,1.0
380,0,0,0,0,0,0,0,5,0,0,0,13,5,0,0,0,5,0,0,0,0,0,0,0,26,0,0,0,2,0,0,0,2,0,0,3,3,2,0,0,0,0,0,0,0,0,0,2,1,3,0,0,1,0,0,-259.3203797633357,-134.39298706303236,False,5.555494368543772e-55,1.0
381,0,0,0,0,0,0,0,40,0,7,0,0,0,0,0,0,0,0,0,0,0,0,0,0,0,0,0,0,0,0,0,0,0,0,0,0,14,0,0,0,20,0,0,0,7,20,0,0,2,2,0,0,0,0,0,-454.84449800426347,-331.4159109850934,False,2.4868279992758803e-54,1.0
382,0,0,14,0,14,0,0,0,0,0,0,0,0,0,0,0,0,0,0,0,14,0,0,0,80,80,0,0,0,0,0,0,0,0,0,0,14,40,14,0,0,40,0,0,0,0,0,0,9,0,3,0,0,0,0,-1538.4339839084503,-697.9199906609338,False,0.0,1.0
383,6,0,0,0,0,0,0,0,0,6,0,0,0,0,0,0,0,0,0,0,0,0,0,0,12,6,17,6,6,6,6,6,0,6,6,6,6,0,6,6,0,0,6,0,6,0,0,0,0,4,1,0,0,0,0,-547.2943943964808,-154.4209412926615,False,2.3835662681793684e-171,1.0
384,0,0,7,0,7,0,0,0,0,0,0,13,0,0,0,0,0,0,7,0,7,0,0,0,16,16,4,0,0,0,0,0,16,0,0,0,4,0,4,0,0,10,0,0,7,0,0,7,2,2,2,0,1,0,0,-402.8981154701769,-139.82209565993446,False,5.591602306300567e-115,1.0
385,0,0,0,0,0,0,0,0,0,0,0,0,7,0,0,7,0,0,19,0,7,0,0,0,13,7,0,0,0,0,0,0,0,0,0,0,13,0,13,0,0,0,13,0,0,0,0,0,9,2,4,0,0,0,0,-323.339189404371,-184.67064807684636,False,5.984359675777839e-61,1.0
386,12,0,0,0,0,12,0,0,0,0,0,0,0,0,0,0,0,0,0,0,0,0,0,0,0,0,12,0,0,0,0,0,0,0,0,0,0,0,0,0,0,0,0,0,12,0,0,0,0,0,0,3,0,0,0,-218.33199438142228,-143.6897682681835,False,3.8308317838941405e-33,1.0
387,0,0,0,0,0,0,0,0,0,0,0,0,0,0,0,0,0,0,0,0,0,0,0,0,0,0,12,0,0,0,0,0,0,0,0,0,0,0,0,0,0,0,0,24,12,0,0,0,0,4,0,0,0,0,0,-315.1814838111639,-139.8488680794952,False,7.145168748965735e-77,1.0
388,0,0,0,0,0,0,0,0,0,0,0,0,0,0,0,0,0,0,18,0,0,0,0,0,35,35,0,0,0,0,0,0,0,0,18,0,0,0,0,0,0,0,0,0,0,0,0,0,0,0,0,0,0,0,0,-499.40278417024746,-171.8111698219291,False,5.355124483404483e-143,1.0
389,0,0,0,0,0,0,0,0,0,15,0,0,0,0,0,0,0,0,15,0,15,0,0,0,29,15,44,15,15,15,15,15,0,15,15,15,0,0,0,15,0,0,0,0,15,0,0,0,0,5,0,0,0,0,0,-1206.3151607257537,-369.5499646631257,False,0.0,1.0
390,0,0,0,0,0,0,0,0,0,0,0,0,0,0,0,0,0,0,0,0,0,0,0,0,0,0,0,0,0,0,0,0,0,0,0,0,0,0,0,0,0,0,0,0,0,0,0,0,0,0,0,0,0,0,0,-111.38834380103528,-99.24975212529341,False,5.349020891298992e-06,0.9999946509791087
391,0,0,3,0,7,0,0,0,0,0,0,0,0,0,0,0,3,0,10,0,3,0,0,0,25,7,0,0,0,0,0,0,0,0,0,0,3,16,0,0,0,0,7,13,0,0,0,0,4,1,1,0,1,0,0,-379.2065673983668,-187.0202928688794,False,3.424218539435499e-84,1.0
392,0,0,0,0,0,0,0,0,0,0,0,0,0,0,0,0,0,0,21,0,0,0,0,0,0,0,0,0,0,0,0,0,0,0,0,0,0,0,0,0,0,0,0,0,0,0,0,0,0,0,0,0,0,0,0,-90.97572762744353,-90.93324012754485,False,0.48937972261006063,0.5106202773899394
393,0,0,0,0,0,0,0,0,0,8,0,0,0,0,0,0,0,0,0,0,0,0,0,0,22,15,0,15,0,0,0,0,0,0,0,8,8,0,8,0,0,0,8,0,8,0,0,0,0,5,2,0,0,0,0,-421.5576722517448,-166.29994382567403,False,1.3898792825270088e-111,1.0
394,0,0,0,0,0,35,0,0,0,0,0,0,0,35,0,0,0,0,0,0,69,0,0,0,0,0,35,0,0,0,0,0,0,0,0,0,0,0,0,0,0,0,0,0,0,0,0,0,0,6,0,0,0,0,0,-546.9279840151183,-465.4318382776173,False,4.042719504878405e-36,1.0
395,0,0,0,0,0,0,0,0,0,0,0,0,0,0,0,0,0,0,0,0,0,0,0,0,0,0,0,0,0,0,0,0,0,0,0,0,0,0,19,0,0,0,19,0,0,0,0,0,0,7,0,0,0,0,0,-276.8253845613788,-182.5351440893427,False,1.1227132953583813e-41,1.0
396,0,12,0,0,0,0,0,0,0,0,0,0,0,0,0,0,0,0,12,0,0,0,0,0,0,0,12,0,0,0,0,0,12,0,0,0,0,0,0,0,0,0,0,0,12,0,0,0,2,4,0,0,0,0,0,-236.91790124255735,-106.9253405861116,False,3.5071005578518984e-57,1.0
397,0,0,0,0,0,0,0,0,0,0,0,24,0,0,0,0,0,0,24,0,0,0,0,0,0,0,0,0,0,0,0,0,0,0,0,0,0,0,0,0,0,0,0,0,0,0,0,0,3,3,0,0,0,0,0,-109.42623783417311,-109.4831236090169,True,0.5142176099124527,0.48578239008754737
398,0,0,9,0,0,2,0,0,0,0,2,18,2,0,0,2,7,6,2,0,2,0,0,0,13,6,0,4,2,0,0,0,0,0,4,0,2,0,0,2,0,6,0,0,2,0,0,4,1,1,0,0,0,0,0,-251.2088061417124,-129.61899316227678,False,1.563922282275612e-53,1.0
399,0,0,8,0,0,0,0,0,0,0,0,0,0,0,0,0,0,0,16,0,0,0,0,0,24,16,0,8,0,0,0,0,16,0,8,0,0,0,0,0,0,0,0,0,8,0,0,0,0,4,2,0,0,0,0,-384.768328437304,-139.91534613559512,False,4.5888187988420036e-107,1.0
400,0,0,0,0,0,0,0,0,0,0,0,0,0,0,0,0,0,0,0,0,0,0,0,0,60,40,0,0,0,0,0,0,0,0,0,0,10,0,0,0,0,10,0,0,0,0,0,10,4,0,2,0,0,0,0,-740.4487677308008,-250.4035251583755,False,1.4963998021735025e-213,1.0
401,0,0,26,0,0,0,0,0,0,0,0,0,0,0,0,0,0,0,0,0,0,0,0,0,0,0,0,0,0,0,0,0,0,0,0,0,0,0,0,0,0,52,0,0,0,0,0,0,0,0,0,0,0,0,0,-449.58648844362307,-255.6261674067467,False,5.809019916812916e-85,1.0
402,0,0,0,0,0,0,0,0,0,0,0,0,0,0,0,0,0,0,0,0,0,0,0,0,87,44,44,44,44,44,44,44,0,44,44,44,0,0,0,44,0,0,0,0,0,0,0,0,0,12,0,0,0,0,0,-3223.270207190079,-1336.6358282594545,False,,
403,0,0,0,0,0,0,0,0,0,0,0,0,0,0,0,0,0,0,56,0,28,0,0,0,0,0,0,0,0,0,0,0,0,0,0,0,0,0,0,0,0,0,0,0,0,0,0,0,0,0,0,0,0,0,0,-102.14828719618781,-154.44825162273006,True,1.0,1.9338110869973897e-23
404,0,0,0,0,0,0,0,0,0,0,0,0,0,0,0,0,0,0,0,0,0,0,0,0,0,0,0,0,0,0,0,0,0,0,0,0,0,0,0,0,0,0,0,0,0,0,0,0,0,0,0,0,0,0,0,-111.38834380103528,-99.24975212529341,False,5.349020891298992e-06,0.9999946509791087
405,0,0,0,0,0,0,0,0,0,0,0,0,0,0,0,0,0,0,13,0,13,0,0,0,0,0,0,0,0,0,0,0,0,0,0,0,0,0,0,0,0,0,0,0,0,13,0,0,0,3,0,0,0,0,0,-127.4251035057679,-99.90069369191725,False,1.1125017433094903e-12,0.9999999999988874
406,0,0,0,0,0,0,0,0,0,0,0,0,0,0,0,0,0,0,0,0,0,0,0,0,0,0,0,0,0,0,0,0,0,0,0,0,0,0,0,0,0,0,0,0,0,0,0,0,0,10,0,10,0,0,0,-121.04069349651063,-120.86556839570454,False,0.45633027596472414,0.5436697240352759
407,6,0,0,0,0,0,0,0,0,0,0,22,6,0,0,0,0,0,39,0,6,0,0,0,0,0,0,0,0,0,0,0,0,0,0,0,6,0,0,0,0,0,0,0,11,0,0,0,0,3,0,4,0,0,0,-126.08096004644533,-136.90582649305702,True,0.9999801019007308,1.9898099269144505e-05
408,0,0,0,0,0,0,0,0,0,0,0,0,0,0,0,0,0,0,22,0,0,0,0,0,0,0,0,0,0,0,0,0,0,0,0,0,0,0,0,0,0,22,0,0,0,22,0,0,0,4,0,0,0,0,0,-299.31914523709116,-147.4634148718135,False,1.1217452959012178e-66,1.0
409,0,0,0,0,0,0,0,0,0,0,0,36,0,0,0,0,0,0,0,0,0,0,0,0,0,0,0,0,0,0,0,0,0,0,0,0,0,0,0,0,0,0,0,0,0,0,0,0,0,5,0,0,0,0,0,-146.52795676060458,-134.80716360258643,False,8.123079059636872e-06,0.9999918769209403
410,0,0,0,0,0,0,0,0,0,0,0,0,0,0,0,0,0,0,22,0,0,0,0,0,0,0,0,0,0,0,0,0,0,0,0,0,0,0,0,0,0,0,0,0,0,22,0,0,0,0,0,8,0,0,0,-174.56587370325116,-124.27078739208528,False,1.4358912473330064e-22,1.0
411,0,0,0,0,0,0,0,0,0,10,0,0,0,0,0,0,0,0,29,0,10,0,0,0,0,0,0,0,0,0,0,0,0,0,0,0,0,0,0,0,0,0,0,0,10,0,0,0,2,2,0,0,0,0,0,-97.40778658789016,-107.9202982957107,True,0.9999728066718001,2.7193328199898447e-05
412,0,0,0,0,0,0,0,0,0,0,0,0,0,0,0,0,0,0,30,0,0,0,0,0,0,0,0,0,0,0,0,0,0,0,0,0,0,0,0,0,0,0,0,0,0,59,0,0,0,0,0,0,0,0,0,-375.28643312117305,-216.51985559179573,False,1.1182823445977101e-69,1.0
413,0,0,6,0,0,11,0,0,0,6,0,16,0,0,0,0,0,0,37,0,6,0,0,0,0,0,0,0,0,0,0,0,0,0,0,0,0,0,0,0,0,0,0,0,0,11,0,0,0,0,0,1,0,0,0,-130.3759386070303,-140.7938297650612,True,0.9999701080412073,2.9891958792703742e-05
414,0,0,16,0,0,0,0,0,0,0,0,0,0,0,0,0,0,0,32,0,48,0,0,0,0,0,0,0,0,0,0,0,0,0,0,0,0,0,0,0,0,0,0,0,0,0,0,0,0,0,0,0,0,0,0,-113.62217799253703,-186.35637214551642,True,1.0,2.581908419131506e-32
415,0,0,0,0,0,0,0,0,0,5,0,0,5,0,0,0,0,0,36,0,5,0,0,0,0,0,0,0,0,0,0,0,0,0,0,0,0,0,0,0,0,0,0,0,5,5,0,0,0,0,0,0,0,0,0,-103.6048643320987,-105.80919866009036,True,0.9006380602914098,0.09936193970859024
416,0,0,0,0,0,0,0,0,0,6,0,0,6,0,0,0,0,0,55,0,17,0,0,0,0,0,0,0,0,0,0,0,0,0,0,0,0,0,0,0,0,0,0,6,17,6,0,0,0,1,0,0,0,0,0,-166.432508586502,-160.2930544271633,False,0.0021514614179502763,0.9978485385820497
417,2,0,2,0,0,0,0,0,1,0,0,1,2,0,0,1,0,1,36,0,13,0,0,0,0,0,0,0,0,0,0,0,0,0,0,0,0,0,0,0,0,0,0,0,2,0,0,0,1,2,0,1,0,0,0,-74.08503108452,-104.72118498862041,True,0.9999999999999505,4.953217660454943e-14
418,0,0,0,0,0,0,0,0,0,0,0,0,0,0,0,0,0,0,16,0,8,0,0,0,0,0,0,0,0,0,0,0,0,0,0,0,0,0,0,0,0,0,0,8,8,8,0,0,0,0,0,0,0,0,0,-146.45882138606055,-96.76889311136286,False,2.629894604813583e-22,1.0
419,0,0,6,0,0,6,0,0,0,6,0,0,6,0,0,0,0,0,22,0,6,0,0,0,0,0,0,0,0,0,0,0,0,0,0,0,0,0,0,0,0,0,0,0,11,0,0,0,0,2,0,0,0,0,0,-99.00794385727723,-115.35554642530283,True,0.9999999205074594,7.949254068752138e-08
420,7,0,7,0,0,0,0,0,0,0,0,0,0,0,0,0,0,0,29,0,0,0,0,0,0,0,0,0,0,0,0,0,0,0,0,0,0,0,0,0,0,0,0,0,15,15,0,0,0,0,0,2,0,0,0,-169.4399004288417,-127.22716052435678,False,4.647720397987781e-19,1.0
421,0,0,15,0,8,0,0,0,0,0,0,8,15,0,0,8,0,0,15,0,8,0,0,0,0,0,0,0,0,0,0,0,0,0,0,0,0,0,0,0,0,0,0,0,8,0,0,0,0,2,0,5,0,0,0,-104.06369691790508,-154.11086050592183,True,1.0,1.8398949136666555e-22
422,0,0,13,0,7,0,0,0,0,0,0,13,0,0,0,19,0,0,44,0,0,0,0,13,0,0,0,0,0,0,0,0,0,0,0,0,0,0,0,0,0,0,0,0,0,0,0,0,0,4,0,0,2,2,0,-119.79060095823318,-224.66257541624842,True,1.0,2.8489195573275253e-46
423,0,0,0,0,0,0,0,0,0,0,0,0,0,0,0,0,0,0,84,0,0,0,0,0,0,0,0,0,0,0,0,0,0,0,0,0,0,0,0,0,0,0,0,0,0,0,0,0,0,0,0,0,0,0,0,-139.47069382860604,-175.7054533627244,True,0.9999999999999999,1.834188141281756e-16
424,0,6,6,0,0,16,0,0,0,0,0,0,0,0,0,6,0,6,11,0,6,0,0,0,0,0,0,0,6,0,0,0,0,0,0,0,0,0,0,0,0,6,0,6,0,0,0,0,0,1,0,2,0,0,0,-181.96828132592188,-156.6228333842149,False,9.831319668292001e-12,0.9999999999901688
425,0,0,0,0,0,0,0,0,0,0,0,13,0,0,0,0,0,0,26,0,26,0,0,0,0,0,0,0,0,0,0,0,0,0,0,0,0,0,7,0,0,0,0,0,7,0,0,0,0,0,0,0,0,0,0,-112.76257161378753,-121.7012251199435,True,0.9998687996108206,0.00013120038917934838
426,0,11,0,0,0,0,0,0,0,11,0,33,0,0,0,0,0,0,55,0,0,0,0,0,0,0,0,0,0,0,0,0,0,0,0,0,0,0,0,0,0,0,0,0,11,0,0,0,0,0,0,2,0,0,0,-159.86951056543253,-176.31797663149376,True,0.9999999281342569,7.186574308910894e-08
427,0,14,14,0,0,0,0,0,0,14,0,0,0,0,0,0,0,0,27,0,0,0,0,0,0,0,0,0,0,0,0,0,0,0,0,0,0,0,0,0,0,0,0,0,14,0,0,0,0,3,0,0,0,0,0,-141.59533953553654,-144.57723899129402,True,0.9517496734149836,0.04825032658501638
428,0,0,0,0,0,0,0,0,0,7,0,21,0,0,0,0,0,0,42,0,7,0,0,0,14,35,0,14,7,7,0,0,0,0,7,14,0,0,0,0,0,0,0,0,0,0,0,0,0,3,0,0,1,0,0,-497.9011401072675,-208.33523042410388,False,1.7503434644644276e-126,1.0
429,0,0,0,0,0,0,0,0,0,0,0,0,0,0,0,0,0,0,48,0,0,0,0,0,0,0,0,0,0,0,0,0,0,0,0,0,0,0,0,0,0,0,0,0,48,0,0,0,0,0,0,0,0,0,0,-225.96989822322104,-188.33301093763546,False,4.5134385696841604e-17,1.0
430,0,0,4,0,1,0,0,0,0,0,0,0,1,0,0,0,0,2,43,0,14,0,0,0,0,0,0,0,0,0,0,0,0,0,0,0,0,0,0,0,0,0,0,0,1,10,0,0,1,2,0,2,0,0,0,-110.61090521581201,-118.45747156599535,True,0.9996090603533422,0.000390939646657867
431,0,0,0,0,0,0,0,0,0,0,0,0,0,0,0,0,0,0,4,0,0,23,0,0,0,0,0,0,0,0,0,0,0,0,0,0,0,0,0,0,0,0,0,0,0,4,0,0,31,1,0,1,0,3,0,-258.37043248662445,-258.27807792290594,False,0.4769277560396049,0.5230722439603951
432,0,0,0,0,0,0,0,0,0,0,0,34,0,0,0,0,0,0,34,0,0,0,0,0,0,0,0,0,0,0,0,0,0,0,0,0,0,0,0,0,0,0,34,0,34,0,0,0,0,0,0,0,0,0,0,-360.3843549100123,-268.6301491056676,False,1.4179297927397174e-40,1.0
433,0,0,0,0,0,0,0,0,0,13,0,0,0,0,0,0,0,0,26,0,0,0,0,0,0,0,0,0,0,0,0,0,0,0,0,0,0,0,13,0,0,0,0,0,0,0,0,0,0,0,0,3,0,0,0,-143.24760136842113,-129.4377282129674,False,1.005652311228336e-06,0.9999989943476887
434,0,0,0,0,0,0,0,0,0,0,0,10,0,0,0,0,0,0,60,0,0,0,0,0,0,0,0,0,0,0,0,0,0,0,0,0,0,0,0,0,0,0,0,0,10,0,0,0,2,0,0,8,0,0,0,-121.30077047868036,-143.29068912706674,True,0.9999999997182268,2.8177319301998487e-10
435,0,0,3,0,6,0,0,0,0,0,0,0,0,0,0,0,0,6,16,0,16,0,0,0,0,0,0,0,0,0,0,0,0,0,0,6,0,0,0,3,0,0,0,0,3,0,0,0,8,2,0,1,1,0,0,-108.9698289090044,-124.08224986841371,True,0.9999997266249658,2.733750342170118e-07
436,0,16,12,0,0,0,0,0,0,24,0,8,0,0,0,0,0,0,4,0,0,63,0,0,0,0,0,0,0,0,0,0,0,0,0,0,0,0,0,0,0,0,0,0,0,0,0,0,12,3,0,3,0,1,0,-326.2649139123006,-433.4508347415455,True,1.0,2.8167353625518073e-47
437,0,0,19,0,0,0,0,0,0,0,0,9,9,0,0,0,0,0,46,0,28,0,0,0,0,0,0,0,0,0,0,0,0,0,0,0,0,0,0,0,0,0,0,0,0,0,0,0,0,0,0,2,0,0,0,-108.70560664976763,-179.24234543997505,True,1.0,2.3242539192795433e-31
438,0,0,0,0,0,0,0,0,0,0,0,0,0,0,0,11,0,0,0,0,0,0,0,0,0,0,0,0,0,0,0,0,0,0,0,0,0,0,0,0,0,0,0,0,0,11,0,0,0,4,0,4,2,0,0,-144.56903056434166,-131.80714992481273,False,2.868034782337154e-06,0.9999971319652178
439,0,0,18,0,0,0,0,0,0,0,0,26,0,0,0,0,0,0,26,0,0,0,0,0,0,0,0,0,0,0,0,0,0,0,0,0,0,0,9,0,9,26,0,0,9,0,0,0,0,4,0,10,0,0,0,-367.15621741051626,-213.4020543609243,False,1.6804106213311333e-67,1.0
440,0,0,11,0,0,0,0,0,0,0,0,0,0,0,0,0,0,0,50,0,11,0,0,0,0,0,0,0,0,0,0,0,0,0,0,0,0,0,0,0,0,0,0,0,0,0,0,0,0,7,0,7,0,0,0,-95.63416081967546,-141.07683236611174,True,1.0,1.8386476221900138e-20
441,10,0,10,0,0,0,0,0,0,0,0,0,0,0,0,0,0,0,20,0,0,0,0,0,0,0,0,0,0,0,0,0,0,0,0,0,0,0,0,0,0,0,0,0,20,30,0,0,0,0,0,2,0,0,0,-260.93178630467963,-170.1792424348625,False,3.860743764213169e-40,1.0
442,0,0,0,0,0,0,0,0,0,0,0,0,0,0,0,9,0,0,25,0,0,0,0,0,0,0,0,0,0,0,0,0,0,0,0,0,9,0,0,0,0,9,0,0,9,9,0,0,0,0,0,0,0,0,0,-189.94940367161456,-122.68489067954704,False,6.129050216636517e-30,1.0
443,0,4,4,0,0,0,0,0,0,4,0,0,4,0,0,7,0,4,48,0,7,0,0,0,0,0,0,0,0,0,0,0,0,0,0,0,0,0,0,0,0,0,0,0,7,0,0,0,0,3,0,1,0,1,0,-89.78758938159119,-133.60709077336423,True,1.0,9.320352669977008e-20
444,0,0,0,0,5,0,0,0,0,0,0,0,0,0,0,0,0,5,22,0,9,0,0,0,0,0,0,0,0,0,0,0,0,0,0,0,0,0,0,0,0,0,0,9,9,5,0,0,0,1,0,0,0,0,0,-135.38090087663488,-105.62146849895784,False,1.1902624526426776e-13,0.999999999999881
445,3,0,3,0,0,0,0,0,0,0,0,3,6,0,0,0,0,0,31,0,16,0,0,0,0,0,0,0,0,0,0,0,0,0,0,0,0,0,0,0,6,0,0,0,13,0,0,0,1,2,0,1,0,0,0,-139.127779334838,-124.5249033975336,False,4.5504187359702413e-07,0.9999995449581264
446,2,2,2,0,9,2,0,2,0,0,0,5,2,0,0,0,0,0,24,0,7,0,0,0,0,0,0,0,0,0,0,0,0,0,0,0,0,0,0,0,0,0,0,2,4,2,0,0,1,1,0,0,0,0,0,-83.0333670113595,-94.70805767905394,True,0.9999914936632658,8.506336734244124e-06
447,0,0,5,0,0,5,0,0,0,0,0,0,5,0,0,0,0,0,27,0,9,0,0,0,9,0,0,0,0,0,0,0,0,0,0,5,0,0,0,0,5,0,0,0,5,0,0,0,0,1,0,2,0,0,0,-156.6464652249452,-109.8645751405969,False,4.8181829156332716e-21,1.0
448,0,0,0,0,0,0,0,0,0,0,0,0,0,0,0,0,0,0,63,0,42,0,0,0,0,0,0,0,0,0,0,0,0,0,0,0,0,0,0,0,0,0,0,0,0,0,0,0,4,4,0,0,0,0,0,-131.35177402321236,-200.11412617988125,True,1.0,1.3705342579830828e-30
449,0,0,0,0,0,0,0,0,0,0,0,0,0,0,0,3,0,0,44,0,6,0,0,0,0,0,0,0,3,0,0,0,0,0,0,0,0,0,0,0,0,0,0,0,6,0,0,0,1,2,0,0,0,0,0,-106.9197970082179,-110.40184423463565,True,0.9701726192944098,0.029827380705590267
450,8,0,0,0,0,0,0,0,0,0,0,8,0,0,0,0,0,0,24,0,8,0,0,0,0,8,0,0,0,0,0,0,0,0,0,0,0,0,0,0,0,0,0,8,0,0,0,0,0,0,0,0,0,0,0,-146.11054844858288,-107.48043158286465,False,1.6716810136983498e-17,1.0
451,0,0,0,0,0,0,0,0,0,0,0,0,0,0,0,0,0,0,25,0,0,0,0,0,0,0,0,0,0,0,0,0,0,0,0,0,9,0,0,0,0,0,0,0,0,25,0,0,0,4,0,0,5,2,0,-215.70559337354783,-147.06939412451476,False,1.5548102940420544e-30,1.0
452,1,0,5,0,0,3,0,0,0,1,0,0,2,0,0,1,2,6,14,0,4,0,0,0,0,0,0,0,0,0,0,0,0,0,0,0,0,0,0,0,0,0,0,0,4,31,0,0,1,1,0,0,1,0,0,-210.26081671441773,-143.5840514304607,False,1.1031860615679281e-29,1.0
453,0,0,0,0,0,0,0,0,0,53,0,0,0,0,0,0,0,0,53,0,0,0,0,0,0,0,0,0,0,0,0,0,0,0,0,0,0,0,0,0,0,0,0,0,0,0,0,0,0,0,0,0,0,0,0,-197.09711760576315,-254.69735443788525,True,1.0,9.650170520598173e-26
454,0,0,5,0,0,0,0,0,0,0,0,0,3,0,0,3,0,3,22,0,5,0,0,0,0,0,0,0,0,0,0,0,0,0,0,0,0,0,0,0,3,3,0,0,5,3,0,0,0,1,1,1,0,0,0,-118.51982104122469,-95.76125061154805,False,1.3064068422344339e-10,0.9999999998693593
455,0,0,0,0,0,0,0,0,0,0,0,0,0,0,0,0,0,0,0,0,0,0,0,0,0,0,0,0,0,0,0,0,0,0,0,0,0,0,0,0,0,0,0,0,0,0,0,0,0,0,0,0,0,0,0,-111.38834380103528,-99.24975212529341,False,5.349020891298992e-06,0.9999946509791087
456,0,0,0,0,0,0,0,0,0,0,0,0,0,0,0,0,0,0,0,0,0,0,0,0,0,0,0,0,0,0,0,0,0,0,0,0,0,0,0,0,0,0,0,0,0,32,0,0,0,0,0,0,0,0,0,-247.88363815449776,-145.49746547048753,False,3.4217650030809994e-45,1.0
457,0,0,0,0,0,0,0,0,0,0,0,5,11,0,0,5,0,5,26,0,5,0,0,0,0,0,0,0,0,0,0,0,0,0,0,0,0,0,0,0,0,5,0,0,5,5,0,0,0,1,0,0,1,0,0,-124.07944626646415,-118.85833247908188,False,0.00537229244800681,0.9946277075519933
458,0,0,0,0,0,0,0,0,0,0,0,0,0,0,0,0,0,0,0,0,0,0,0,0,0,0,0,0,0,0,0,0,0,0,0,0,0,0,0,0,48,0,0,0,0,48,0,0,0,0,0,0,0,0,0,-684.4249656270306,-344.3280523191214,False,1.9851221627837816e-148,1.0
459,0,0,0,0,0,0,0,0,0,0,0,6,0,0,0,6,0,0,29,0,6,6,0,0,0,0,0,0,0,0,0,0,0,0,0,0,0,0,0,0,0,0,0,0,0,6,0,0,0,2,0,0,0,1,0,-93.81277564117492,-110.14066948496769,True,0.9999999189252222,8.107477784551994e-08
460,0,0,7,0,0,0,0,0,0,0,0,0,7,0,0,0,0,0,46,0,7,0,0,0,0,0,0,0,0,0,0,0,0,0,0,0,0,0,0,0,0,0,0,0,20,7,0,0,0,0,0,2,0,0,0,-147.81947207384545,-141.45550541768597,False,0.0017195585212095787,0.9982804414787905
